"productNo","ref","productName","time","arrivalTime","hourReserve","duration","map","photo","priceAdult","priceChild","sellingPriceAdult","sellingPriceChild","provinceId","province","provinceToId","provinceTo","areaId","area","areaToId","areaTo","destinationId","destination","destinationToId","destinationTo"
"C2","BKKAOW0001","Bangkok (Khaosan Road) 18:00 - Ao Nang 10:00","18:00","10:00",3,"16:0 hrs.","13.7586581,100.49756619999994","https://img.adv-tour.com/photo/package/1497530532_2.jpg",750,650,900,750,1,"Bangkok",4,"Krabi",3,"Khaosan road",14,"City",4,"Songserm Office",23,"Ao Nang"
"C3","BKKAOW0002","Bangkok (Hua Lamphong Railway Station) By Bus 19:00 - Ao Nang 10:00","19:00","10:00",3,"15:0 hrs.","13.739052, 100.516596","https://img.adv-tour.com/photo/package/1497531020_2.jpg",750,650,900,750,1,"Bangkok",4,"Krabi",2,"Hua Lamphong",14,"City",3,"-",23,"Ao Nang"
"C12","BKKPHI0001","Bangkok (Khaosan Road) 18:00 - Koh Phi Phi 10:30","18:00","10:30",3,"16:30 hrs.","13.7586581,100.49756619999994","https://img.adv-tour.com/photo/package/1498202798_2.jpg",800,700,950,800,1,"Bangkok",4,"Krabi",3,"Khaosan road",18,"Koh Phi Phi",4,"Songserm Office",30,"Ton Sai Pier"
"C13","BKKPHI0002","Bangkok (Hua Lamphong Railway Station) By Bus 19:00 - Koh Phi Phi 10:30","19:00","10:30",3,"15:30 hrs.","13.739052, 100.516596","https://img.adv-tour.com/photo/package/1497606351_2.jpg",800,700,950,800,1,"Bangkok",4,"Krabi",2,"Hua Lamphong",18,"Koh Phi Phi",3,"-",30,"Ton Sai Pier"
"C14","BKKPNG0001","Bangkok (Khaosan Road) 18:00 - Koh Phangan 12:15","18:00","12:15",3,"18:15 hrs.","13.7586581,100.49756619999994","https://img.adv-tour.com/photo/package/1498202600_2.jpg",700,600,850,700,1,"Bangkok",11,"Suratthani",3,"Khaosan road",49,"Koh Phangan",4,"Songserm Office",68,"Thongsala Pier"
"C15","BKKPNG0002","Bangkok (Hua Lamphong Railway Station) By Bus 19:00 - Koh Phangan 12:15","19:00","12:15",3,"17:15 hrs.","13.739052, 100.516596","https://img.adv-tour.com/photo/package/1498202694_2.jpg",700,600,850,700,1,"Bangkok",11,"Suratthani",2,"Hua Lamphong",49,"Koh Phangan",3,"-",68,"Thongsala Pier"
"C16","BKKLAY0001","Bangkok (Khaosan Road) 18:00 - Railay Beach 10:30","18:00","10:30",3,"16:30 hrs.","13.7586581,100.49756619999994","https://img.adv-tour.com/photo/package/1497534002_2.jpg",900,800,1050,900,1,"Bangkok",4,"Krabi",3,"Khaosan road",14,"City",4,"Songserm Office",37,"Railay"
"C17","BKKLAY0002","Bangkok (Hua Lamphong Railway Station) By Bus 19:00 - Railay Beach 10:30","19:00","10:30",3,"15:30 hrs.","13.739052, 100.516596","https://img.adv-tour.com/photo/package/1497599604_2.jpg",800,700,950,800,1,"Bangkok",4,"Krabi",2,"Hua Lamphong",14,"City",3,"-",37,"Railay"
"C18","BKKSOK0001","Bangkok (Khaosan Road) 18:00 - Khao Sok 10:00","18:00","10:00",3,"16:0 hrs.","13.7586581,100.49756619999994","https://img.adv-tour.com/photo/package/1498208466_2.jpg",750,650,900,750,1,"Bangkok",11,"Suratthani",3,"Khaosan road",47,"City",4,"Songserm Office",65,"Khao Sok"
"C19","BKKSOK0002","Bangkok (Hua Lamphong Railway Station) By Bus 19:00 - Khao Sok 10:00","19:00","10:00",3,"15:0 hrs.","13.739054, 100.516608","https://img.adv-tour.com/photo/package/1498208573_2.jpg",750,650,900,750,1,"Bangkok",11,"Suratthani",2,"Hua Lamphong",47,"City",3,"-",65,"Khao Sok"
"C20","BKKTAO0001","Bangkok (Khaosan Road) 18:00 - Koh Tao 09:45","18:00","09:45",3,"15:45 hrs.","13.7586581,100.49756619999994","https://img.adv-tour.com/photo/package/1498208941_2.jpg",750,650,900,750,1,"Bangkok",11,"Suratthani",3,"Khaosan road",51,"Koh Tao",4,"Songserm Office",99,"Mae Haad Pier"
"C21","BKKTAO0002","Bangkok (Hua Lamphong Railway Station) By Bus 19:00  - Koh Tao 09:45","19:00","09:45",3,"14:45 hrs.","13.739054, 100.516608","https://img.adv-tour.com/photo/package/1498209086_2.jpg",750,650,900,750,1,"Bangkok",11,"Suratthani",2,"Hua Lamphong",51,"Koh Tao",3,"-",99,"Mae Haad Pier"
"C22","BKKUSM0001","Bangkok (Khaosan Road) 18:00 - Koh Samui 11:20","18:00","11:20",3,"17:20 hrs.","13.7586581,100.49756619999994","https://img.adv-tour.com/photo/package/1498209914_2.jpg",650,550,800,650,1,"Bangkok",11,"Suratthani",3,"Khaosan road",50,"Koh Samui",4,"Songserm Office",87,"Nathon Pier"
"C23","BKKUSM0002","Bangkok (Hua Lamphong Railway Station) By Bus 19:00 - Koh Samui 11:20","19:00","11:20",3,"16:20 hrs.","13.739054, 100.516608","https://img.adv-tour.com/photo/package/1498210371_2.jpg",650,550,800,650,1,"Bangkok",11,"Suratthani",2,"Hua Lamphong",50,"Koh Samui",3,"-",87,"Nathon Pier"
"C24","CPNPNG0001","Chumphon Pier 07:00  - Koh Phangan 12:00","07:00","12:00",3,"5:0 hrs.","10.445133,99.24880600000006","https://img.adv-tour.com/photo/package/1498213678_2.jpg",650,350,850,420,3,"Chumphon",11,"Suratthani",71,"Pier",49,"Koh Phangan",9,"Matthaphon",68,"Thongsala Pier"
"C25","CPNUSM0001","Chumphon Pier 07:00  - Koh Samui 13:15","07:00","13:15",3,"6:15 hrs.","10.445133,99.24880600000006","https://img.adv-tour.com/photo/package/1498214414_2.jpg",750,400,900,450,3,"Chumphon",11,"Suratthani",71,"Pier",50,"Koh Samui",9,"Matthaphon",87,"Nathon Pier"
"C26","DONPNG0001","Donsak Pier(Laem Thuat) 10.00 - Koh Phangan 12.15","10:00","12:15",1,"2:15 hrs.","9.337484900000002,99.68132500000002","https://img.adv-tour.com/photo/package/1503054743_2.jpg",250,130,300,150,11,"Suratthani",11,"Suratthani",46,"Pier",49,"Koh Phangan",62,"Donsak Pier",68,"Thongsala Pier"
"C27","DONPNG0002","Donsak Pier(Laem Thuat)  16:30 - Koh Phangan 18:45","16:00","18:45",3,"2:45 hrs.","9.337484900000002,99.68132500000002","https://img.adv-tour.com/photo/package/1503054619_2.jpg",250,130,300,150,11,"Suratthani",11,"Suratthani",46,"Pier",49,"Koh Phangan",62,"Donsak Pier",68,"Thongsala Pier"
"C28","DONTAO0001","Donsak Pier(Laem Thuat) 10.00 - Koh Tao 14:30","10:00","14:30",3,"4:30 hrs.","9.337484900000002,99.68132500000002","https://img.adv-tour.com/photo/package/1503054487_2.jpg",500,250,600,500,11,"Suratthani",11,"Suratthani",46,"Pier",51,"Koh Tao",62,"Donsak Pier",99,"Mae Haad Pier"
"C33","KBVPNG0001","Krabi (Andamanwave) 07:00 - Koh Phangan 12:15","07:00","12:15",18,"5:15 hrs.","8.080930599999999, 98.89891539999996","https://img.adv-tour.com/photo/package/1503052145_2.jpg",600,500,700,600,4,"Krabi",11,"Suratthani",14,"City",49,"Koh Phangan",31,"Andaman wave krabi",68,"Thongsala Pier"
"C34","KBVPNG0002","Krabi (Andamanwave) 12:30  - Koh Phangan 18:45","12:30","18:45",18,"6:15 hrs.","8.080930599999999, 98.89891539999996","https://img.adv-tour.com/photo/package/1503052067_2.jpg",600,500,700,600,4,"Krabi",11,"Suratthani",14,"City",49,"Koh Phangan",31,"Andaman wave krabi",68,"Thongsala Pier"
"C37","KBVTAO0001","Krabi (Andamanwave) 07:00  - Koh Tao 14:30","07:00","14:30",18,"7:30 hrs.","8.080930599999999, 98.89891539999996","https://img.adv-tour.com/photo/package/1503051579_2.jpg",650,550,800,650,4,"Krabi",11,"Suratthani",14,"City",51,"Koh Tao",31,"Andaman wave krabi",99,"Mae Haad Pier"
"C38","KBVUSM0001","Krabi (Andamanwave) 07:00  - Koh Samui 11:20","07:00","11:20",18,"4:20 hrs.","8.080930599999999, 98.89891539999996","https://img.adv-tour.com/photo/package/1503051400_2.jpg",400,300,500,400,4,"Krabi",11,"Suratthani",14,"City",50,"Koh Samui",31,"Andaman wave krabi",87,"Nathon Pier"
"C39","KBVUSM0002","Krabi (Andamanwave) 12:30  - Koh Samui 17:45","12:30","17:45",18,"5:15 hrs.","8.080930599999999, 98.89891539999996","https://img.adv-tour.com/photo/package/1503051322_2.jpg",400,300,500,400,4,"Krabi",11,"Suratthani",14,"City",50,"Koh Samui",31,"Andaman wave krabi",87,"Nathon Pier"
"C43","PHIPNG0001","Koh Phi Phi 10:30  - Koh Phangan 18:45","10:30","18:45",12,"8:15 hrs.","7.7379053,98.77061959999992","https://img.adv-tour.com/photo/package/1503041187_2.jpg",650,550,800,650,4,"Krabi",11,"Suratthani",18,"Koh Phi Phi",49,"Koh Phangan",30,"Ton Sai Pier",68,"Thongsala Pier"
"C46","PHIUSM0001","Koh Phi Phi 10:30  - Koh Samui 17:45","10:30","17:45",6,"7:15 hrs.","7.7379053,98.77061959999992","https://img.adv-tour.com/photo/package/1503038917_2.jpg",550,450,700,550,4,"Krabi",11,"Suratthani",18,"Koh Phi Phi",50,"Koh Samui",30,"Ton Sai Pier",87,"Nathon Pier"
"C47","PNGAOW0001","Koh Phangan 07:00 - Ao Nang (mcdonald's ao nang)13:00","07:00","13:00",3,"6:0 hrs.","9.7109619,99.98247990000004","https://img.adv-tour.com/photo/package/1503038810_2.jpg",650,550,800,650,11,"Suratthani",4,"Krabi",49,"Koh Phangan",14,"City",68,"Thongsala Pier",23,"Ao Nang"
"C48","PNGAOW0002","Koh Phangan 12:30 - Ao Nang (mcdonald's ao nang) 19:00","12:30","19:00",3,"6:30 hrs.","9.7109619,99.98247990000004","https://img.adv-tour.com/photo/package/1503038717_2.jpg",650,550,800,650,11,"Suratthani",4,"Krabi",49,"Koh Phangan",14,"City",68,"Thongsala Pier",23,"Ao Nang"
"C49","PNGBKK0001","Koh Phangan 12:30 - Bangkok 05:30","12:30","05:30",12,"17:0 hrs.","9.7109619,99.98247990000004","https://img.adv-tour.com/photo/package/1503038548_2.jpg",750,650,900,750,11,"Suratthani",1,"Bangkok",49,"Koh Phangan",3,"Khaosan road",68,"Thongsala Pier",121,"Bus Stop (Rajadamnoen Rd.)"
"C51","PNGCPN0001","Koh Phangan 12:45 - Chumphon Town (Night Bazaar) 18:30","12:45","18:30",3,"5:45 hrs.","9.7109619,99.98247990000004","https://img.adv-tour.com/photo/package/1503037055_2.jpg",750,350,900,450,11,"Suratthani",3,"Chumphon",49,"Koh Phangan",9,"City",68,"Thongsala Pier",10,"Chumphon Town"
"C52","PNGCPN0002","Koh Phangan 12:45 - Chumphon Train 18:30","12:45","18:30",3,"5:45 hrs.","9.7109619,99.98247990000004","https://img.adv-tour.com/photo/package/1503036894_2.jpg",750,350,900,450,11,"Suratthani",3,"Chumphon",49,"Koh Phangan",9,"City",68,"Thongsala Pier",15,"Chumporn Train"
"C53","PNGDON0001","Koh Phangan 07:00  - Donsak (Laem Thuat)  09:30","07:00","09:30",3,"2:30 hrs.","9.7109619,99.98247990000004","https://img.adv-tour.com/photo/package/1503036572_2.jpg",250,130,300,150,11,"Suratthani",11,"Suratthani",49,"Koh Phangan",46,"Pier",68,"Thongsala Pier",62,"Donsak Pier"
"C54","PNGDON0002","Koh Phangan 12:30  - Donsak (Laem Thuat)  15:30","12:30","15:30",3,"3:0 hrs.","9.7109619,99.98247990000004","https://img.adv-tour.com/photo/package/1503035444_2.jpg",250,130,300,150,11,"Suratthani",11,"Suratthani",49,"Koh Phangan",46,"Pier",68,"Thongsala Pier",62,"Donsak Pier"
"C56","PNGHKT0001","Koh Phangan 07:00  - Phuket 17:00","07:00","17:00",6,"10:0 hrs.","9.7109619,99.98247990000004","https://img.adv-tour.com/photo/package/1503034848_2.jpg",500,400,650,500,11,"Suratthani",6,"Phuket",49,"Koh Phangan",33,"City",68,"Thongsala Pier",54,"Phuket Bus Terminal"
"C57","PNGHKT0002","Koh Phangan 12:30  - Phuket 22:30","12:30","22:30",6,"10:0 hrs.","9.7109619,99.98247990000004","https://img.adv-tour.com/photo/package/1503034771_2.jpg",500,400,650,500,11,"Suratthani",6,"Phuket",49,"Koh Phangan",33,"City",68,"Thongsala Pier",54,"Phuket Bus Terminal"
"C60","PNGLAK0001","Koh Phangan 07:00 - Khao Lak 16:30","07:00","16:30",3,"9:30 hrs.","9.7109619,99.98247990000004","https://img.adv-tour.com/photo/package/1478772376_2.jpg",500,400,650,500,11,"Suratthani",5,"Phang Nga",49,"Koh Phangan",31,"Khao Lak",68,"Thongsala Pier",48,"-"
"C62","PNGLAY0001","Koh Phangan 07:00 - Railay Beach 13:30","07:00","13:30",3,"6:30 hrs.","9.7109619,99.98247990000004","https://img.adv-tour.com/photo/package/1503033756_2.jpg",750,650,900,750,11,"Suratthani",4,"Krabi",49,"Koh Phangan",14,"City",68,"Thongsala Pier",37,"Railay"
"C64","PNGSAMET0001","Koh Phangan 12:30  - Koh Samet 12:30","12:30","12:30",3,"24:0 hrs.","9.7109619,99.98247990000004","https://img.adv-tour.com/photo/package/1503032643_2.jpg",1000,800,1200,900,11,"Suratthani",8,"Rayong",49,"Koh Phangan",42,"Koh Samet",68,"Thongsala Pier",59,"-"
"C65","PNGSOK0001","Koh Phangan 07:00 - Khao Sok 14:30","07:00","14:30",3,"7:30 hrs.","9.7109619,99.98247990000004","https://img.adv-tour.com/photo/package/1502967084_2.jpg",500,400,600,500,11,"Suratthani",11,"Suratthani",49,"Koh Phangan",47,"City",68,"Thongsala Pier",65,"Khao Sok"
"C66","PNGSOK0002","Koh Phangan 12:30 - Khao Sok 19:30","12:30","19:30",3,"7:0 hrs.","9.7109619,99.98247990000004","https://img.adv-tour.com/photo/package/1502965593_2.jpg",500,400,600,500,11,"Suratthani",11,"Suratthani",49,"Koh Phangan",47,"City",68,"Thongsala Pier",65,"Khao Sok"
"C67","PNGURT0001","Koh Phangan 07:00 - Suratthani Town (Talad Kased)11:00","07:00","11:00",3,"4:0 hrs.","9.7109619,99.98247990000004","https://img.adv-tour.com/photo/package/1502965522_2.jpg",350,300,450,350,11,"Suratthani",11,"Suratthani",49,"Koh Phangan",47,"City",68,"Thongsala Pier",105,"Suratthani town"
"C68","PNGURT0002","Koh Phangan 12:30 - Suratthani Town (Talad Kased) 17:30","12:30","17:30",3,"5:0 hrs.","9.7109619,99.98247990000004","https://img.adv-tour.com/photo/package/1502965357_2.jpg",350,300,450,350,11,"Suratthani",11,"Suratthani",49,"Koh Phangan",47,"City",68,"Thongsala Pier",105,"Suratthani town"
"C69","PNGURT0003","Koh Phangan 07:00  - Suratthani Train 11:30","07:00","11:30",3,"4:30 hrs.","9.7109619,99.98247990000004","https://img.adv-tour.com/photo/package/1502964646_2.jpg",350,300,450,350,11,"Suratthani",11,"Suratthani",49,"Koh Phangan",47,"City",68,"Thongsala Pier",109,"Suratthani Train"
"C70","PNGURT0004","Koh Phangan 12:30 - Suratthani Train 17:30","12:30","17:30",3,"5:0 hrs.","9.7109619,99.98247990000004","https://img.adv-tour.com/photo/package/1502887881_2.jpg",350,300,450,350,11,"Suratthani",11,"Suratthani",49,"Koh Phangan",47,"City",68,"Thongsala Pier",109,"Suratthani Train"
"C71","PNGURTAIR0001","Koh Phangan 07:00  - Suratthani Airport 12:00","07:00","12:00",3,"5:0 hrs.","9.7109619,99.98247990000004","https://img.adv-tour.com/photo/package/1502887698_2.jpg",500,400,600,500,11,"Suratthani",11,"Suratthani",49,"Koh Phangan",47,"City",68,"Thongsala Pier",106,"Suratthani Airport"
"C72","PNGURTAIR0002","Koh Phangan 12:30  - Suratthani Airport 18:00","12:30","18:00",3,"5:30 hrs.","9.7109619,99.98247990000004","https://img.adv-tour.com/photo/package/1502887605_2.jpg",500,400,600,500,11,"Suratthani",11,"Suratthani",49,"Koh Phangan",47,"City",68,"Thongsala Pier",106,"Suratthani Airport"
"C73","TAOAOW0001","Koh Tao 10:00  - Ao Nang (mcdonald's ao nang) 19:00","10:00","19:00",6,"9:0 hrs.","10.082857774850531,99.82352718332822","https://img.adv-tour.com/photo/package/1502887496_2.jpg",850,800,990,850,11,"Suratthani",4,"Krabi",51,"Koh Tao",14,"City",99,"Mae Haad Pier",23,"Ao Nang"
"C74","TAOBKK0001","Koh Tao 15:00 - Bangkok 05:00","15:00","05:00",6,"14:0 hrs.","10.082857774850531,99.82352718332822","https://img.adv-tour.com/photo/package/1502887407_2.jpg",750,650,900,750,11,"Suratthani",1,"Bangkok",51,"Koh Tao",3,"Khaosan road",99,"Mae Haad Pier",121,"Bus Stop (Rajadamnoen Rd.)"
"C75","TAOCHANG0001","Koh Tao 15:00  - Koh Chang 15:30","15:00","15:30",6,"24:30 hrs.","10.082857774850531,99.82352718332822","https://img.adv-tour.com/photo/package/1478774715_2.jpg",1200,1000,1450,1100,11,"Suratthani",12,"Trad",51,"Koh Tao",64,"Koh Chang",99,"Mae Haad Pier",112,"Center Point"
"C76","TAODON0001","Koh Tao 10:00 - Donsak(Laem Thuat)  15:30","10:00","15:30",6,"5:30 hrs.","10.082857774850531,99.82352718332822","https://img.adv-tour.com/photo/package/1502875223_2.jpg",500,250,600,300,11,"Suratthani",11,"Suratthani",51,"Koh Tao",46,"Pier",99,"Mae Haad Pier",62,"Donsak Pier"
"C77","TAOHKT0001","Koh Tao 10:00  - Phuket 22:30","10:00","22:30",6,"12:30 hrs.","10.082857774850531,99.82352718332822","https://img.adv-tour.com/photo/package/1502875088_2.jpg",750,600,900,700,11,"Suratthani",6,"Phuket",51,"Koh Tao",33,"City",99,"Mae Haad Pier",54,"Phuket Bus Terminal"
"C81","TAOSAMET0001","Koh Tao 15:00 - Koh Samet 12:30","15:00","12:30",6,"21:30 hrs.","10.082857774850531,99.82352718332822","https://img.adv-tour.com/photo/package/1478775184_2.jpg",1200,1000,1450,1100,11,"Suratthani",8,"Rayong",51,"Koh Tao",42,"Koh Samet",99,"Mae Haad Pier",59,"-"
"C82","TAOSOK0001","Koh Tao 10:00 - Khao Sok 19:30","10:00","19:30",6,"9:30 hrs.","10.082857774850531,99.82352718332822","https://img.adv-tour.com/photo/package/1502874127_2.jpg",750,700,900,750,11,"Suratthani",11,"Suratthani",51,"Koh Tao",47,"City",99,"Mae Haad Pier",65,"Khao Sok"
"C83","TAOURT0001","Koh Tao 10:00 - Suratthani Town (Talad Kased)17:30","10:00","17:30",6,"7:30 hrs.","10.082857774850531,99.82352718332822","https://img.adv-tour.com/photo/package/1502873656_2.jpg",550,300,700,350,11,"Suratthani",11,"Suratthani",51,"Koh Tao",47,"City",99,"Mae Haad Pier",105,"Suratthani town"
"C84","TAOURT0002","Koh Tao 10:00 - Suratthani Train 17:30","10:00","17:30",6,"7:30 hrs.","10.082857774850531,99.82352718332822","https://img.adv-tour.com/photo/package/1502873484_2.jpg",550,300,700,350,11,"Suratthani",11,"Suratthani",51,"Koh Tao",47,"City",99,"Mae Haad Pier",109,"Suratthani Train"
"C85","TAOURTAIR0001","Koh Tao 10:00  - Suratthani Airport 18:00","10:00","18:00",6,"8:0 hrs.","10.082857774850531,99.82352718332822","https://img.adv-tour.com/photo/package/1502873307_2.jpg",650,600,800,650,11,"Suratthani",11,"Suratthani",51,"Koh Tao",47,"City",99,"Mae Haad Pier",106,"Suratthani Airport"
"C86","TAOUSM0001","Koh Tao 10:00 - Koh Samui 13:15","10:00","13:15",6,"3:15 hrs.","10.082857774850531,99.82352718332822","https://img.adv-tour.com/photo/package/1502873219_2.jpg",400,200,500,250,11,"Suratthani",11,"Suratthani",51,"Koh Tao",50,"Koh Samui",99,"Mae Haad Pier",87,"Nathon Pier"
"C88","URTPNG0001","Suratthani Town 07:00 - Koh Phangan 12:15","07:00","12:15",12,"5:15 hrs.","9.1116134, 99.2983044","https://img.adv-tour.com/photo/package/1502869111_2.jpg",350,250,450,350,11,"Suratthani",11,"Suratthani",47,"City",49,"Koh Phangan",105,"Suratthani town",68,"Thongsala Pier"
"C89","URTPNG0002","Suratthani Town 13:00 - Koh Phangan 18:45","13:00","18:45",12,"5:45 hrs.","9.1116134, 99.2983044","https://img.adv-tour.com/photo/package/1502869012_2.jpg",350,250,450,350,11,"Suratthani",11,"Suratthani",47,"City",49,"Koh Phangan",105,"Suratthani town",68,"Thongsala Pier"
"C90","URTTAO0001","Suratthani Town  07:00  - Koh Tao 14:30","07:00","14:30",12,"7:30 hrs.","9.1116134, 99.2983044","https://img.adv-tour.com/photo/package/1500626858_2.jpg",600,500,750,600,11,"Suratthani",11,"Suratthani",47,"City",51,"Koh Tao",105,"Suratthani town",99,"Mae Haad Pier"
"C91","URTUSM0001","Suratthani Town 07:00  - Koh Samui 11:20","07:00","11:20",12,"4:20 hrs.","9.1116134, 99.2983044","https://img.adv-tour.com/photo/package/1502868213_2.jpg",250,200,350,250,11,"Suratthani",11,"Suratthani",47,"City",50,"Koh Samui",105,"Suratthani town",87,"Nathon Pier"
"C92","URTUSM0002","Suratthani Town 13:00 - Koh Samui 17:45","13:00","17:45",12,"4:45 hrs.","9.1116134, 99.2983044","https://img.adv-tour.com/photo/package/1502867980_2.jpg",250,200,350,250,11,"Suratthani",11,"Suratthani",47,"City",50,"Koh Samui",105,"Suratthani town",87,"Nathon Pier"
"C93","USMAOW0001","Koh Samui 08:00 - Ao Nang (mcdonald's ao nang) 13:00","08:00","13:00",6,"5:0 hrs.","9.5355552,99.93455449999999","https://img.adv-tour.com/photo/package/1502866007_2.jpg",450,350,600,450,11,"Suratthani",4,"Krabi",50,"Koh Samui",14,"City",87,"Nathon Pier",23,"Ao Nang"
"C94","USMAOW0002","Koh Samui 13:30 - Ao Nang (mcdonald's ao nang) 19:00","13:30","19:00",6,"5:30 hrs.","9.5355552,99.93455449999999","https://img.adv-tour.com/photo/package/1502865920_2.jpg",450,350,600,450,11,"Suratthani",4,"Krabi",50,"Koh Samui",14,"City",87,"Nathon Pier",23,"Ao Nang"
"C95","USMBKK0001","Koh Samui 13:30  - Bangkok 05.30","13:30","05:30",12,"16:0 hrs.","9.5355552,99.93455449999999","https://img.adv-tour.com/photo/package/1502865800_2.jpg",600,500,750,600,11,"Suratthani",1,"Bangkok",50,"Koh Samui",3,"Khaosan road",87,"Nathon Pier",121,"Bus Stop (Rajadamnoen Rd.)"
"C97","USMCPN0001","Koh Samui 11:30  - Chumphon Pier 18:00","11:30","18:00",6,"6:30 hrs.","9.5355552,99.93455449999999","https://img.adv-tour.com/photo/package/1502865607_2.jpg",750,400,900,450,11,"Suratthani",3,"Chumphon",50,"Koh Samui",71,"Pier",87,"Nathon Pier",9,"Matthaphon"
"C98","USMHAD0001","Koh Samui 08:00  - Hadyai 16:30","08:00","16:30",6,"8:30 hrs.","9.5355552,99.93455449999999","https://img.adv-tour.com/photo/package/1502865612_2.jpg",450,350,550,450,11,"Suratthani",10,"Songkhla",50,"Koh Samui",45,"Hadyai",87,"Nathon Pier",61,"-"
"C99","USMHKT0001","Koh Samui 08:00 -  Phuket  17:00","08:00","17:00",6,"9:0 hrs.","9.5355552,99.93455449999999","https://img.adv-tour.com/photo/package/1502865209_2.jpg",450,350,550,450,11,"Suratthani",6,"Phuket",50,"Koh Samui",33,"City",87,"Nathon Pier",54,"Phuket Bus Terminal"
"C100","USMHKT0002","Koh Samui 13:30 - Phuket  22:30","13:30","22:30",6,"9:0 hrs.","9.5355552,99.93455449999999","https://img.adv-tour.com/photo/package/1502865112_2.jpg",450,350,550,450,11,"Suratthani",6,"Phuket",50,"Koh Samui",33,"City",87,"Nathon Pier",54,"Phuket Bus Terminal"
"C103","USMLAK0001","Koh Samui 08:00 - Khao Lak 16:30","08:00","16:30",6,"8:30 hrs.","9.5355552,99.93455449999999","https://img.adv-tour.com/photo/package/1502790213_2.jpg",450,350,550,450,11,"Suratthani",5,"Phang Nga",50,"Koh Samui",31,"Khao Lak",87,"Nathon Pier",48,"-"
"C105","USMPHI0001","Koh Samui 08:00  - Koh Phi Phi 15:00","08:00","15:00",6,"7:0 hrs.","9.5355552,99.93455449999999","https://img.adv-tour.com/photo/package/1508404192_2.jpg",550,450,700,550,11,"Suratthani",4,"Krabi",50,"Koh Samui",18,"Koh Phi Phi",87,"Nathon Pier",30,"Ton Sai Pier"
"C108","USMLAY0001","Koh Samui 08:00 - Railay Beach 13:30","08:00","13:30",6,"5:30 hrs.","9.5355552,99.93455449999999","https://img.adv-tour.com/photo/package/1502790040_2.jpg",600,500,750,600,11,"Suratthani",4,"Krabi",50,"Koh Samui",14,"City",87,"Nathon Pier",37,"Railay"
"C110","USMSOK0001","Koh Samui 08:00 - Khao Sok 14:30","08:00","14:30",6,"6:30 hrs.","9.5355552,99.93455449999999","https://img.adv-tour.com/photo/package/1502789710_2.jpg",450,400,650,600,11,"Suratthani",11,"Suratthani",50,"Koh Samui",47,"City",87,"Nathon Pier",65,"Khao Sok"
"C111","USMSOK0002","Koh Samui 13:30 - Khao Sok 19:30","13:30","19:30",6,"6:0 hrs.","9.5355552,99.93455449999999","https://img.adv-tour.com/photo/package/1502182911_2.jpg",450,400,650,600,11,"Suratthani",11,"Suratthani",50,"Koh Samui",47,"City",87,"Nathon Pier",65,"Khao Sok"
"C113","USMTAO0002","Koh Samui 11:30  - Koh Tao 14:30","11:30","14:30",1,"3:0 hrs.","9.5355552,99.93455449999999","https://img.adv-tour.com/photo/package/1502180554_2.jpg",400,200,500,250,11,"Suratthani",11,"Suratthani",50,"Koh Samui",51,"Koh Tao",87,"Nathon Pier",99,"Mae Haad Pier"
"C114","USMURT0001","Koh Samui 08:00 - Suratthani Train 11:30","08:00","11:30",6,"3:30 hrs.","9.5355552,99.93455449999999","https://img.adv-tour.com/photo/package/1502178179_2.jpg",250,200,350,250,11,"Suratthani",11,"Suratthani",50,"Koh Samui",47,"City",87,"Nathon Pier",109,"Suratthani Train"
"C115","USMURT0002","Koh Samui 13:30  - Suratthani Train 17:30","13:30","17:30",1,"4:0 hrs.","9.5355552,99.93455449999999","https://img.adv-tour.com/photo/package/1502178130_2.jpg",250,200,350,250,11,"Suratthani",11,"Suratthani",50,"Koh Samui",47,"City",87,"Nathon Pier",109,"Suratthani Train"
"C116","USMURT0003","Koh Samui 08:00  - Suratthani Town (Talad Kased) 11:00","08:00","11:00",6,"3:0 hrs.","9.5355552,99.93455449999999","https://img.adv-tour.com/photo/package/1502178084_2.jpg",250,200,350,250,11,"Suratthani",11,"Suratthani",50,"Koh Samui",47,"City",87,"Nathon Pier",105,"Suratthani town"
"C117","USMURT0004","Koh Samui 13:30 - Suratthani Town (Talad Kased) 17:30","13:30","17:30",6,"4:0 hrs.","9.5355552,99.93455449999999","https://img.adv-tour.com/photo/package/1502178037_2.jpg",250,200,350,250,11,"Suratthani",11,"Suratthani",50,"Koh Samui",47,"City",87,"Nathon Pier",105,"Suratthani town"
"C118","USMURT0005","Koh Samui 08:00 - Suratthani Airport 12:00","08:00","12:00",6,"4:0 hrs.","9.5355552,99.93455449999999","https://img.adv-tour.com/photo/package/1502177982_2.jpg",400,300,500,400,11,"Suratthani",11,"Suratthani",50,"Koh Samui",47,"City",87,"Nathon Pier",106,"Suratthani Airport"
"C119","USMURT0006","Koh Samui 13:30  - Suratthani Airport 18:00","13:30","18:00",6,"4:30 hrs.","9.5355552,99.93455449999999","https://img.adv-tour.com/photo/package/1502177943_2.jpg",400,300,500,400,11,"Suratthani",11,"Suratthani",50,"Koh Samui",47,"City",87,"Nathon Pier",106,"Suratthani Airport"
"C209","BKKLAN0001","Bangkok (Khaosan Road) 18:00 - Koh  Lanta 11:30","18:00","11:30",3,"17:30 hrs.","13.7586581,100.49756619999994","https://img.adv-tour.com/photo/package/1497532471_2.jpg",800,700,990,800,1,"Bangkok",4,"Krabi",3,"Khaosan road",17,"Koh Lanta",4,"Songserm Office",29,"Saladan"
"C210","BKKLAN0002","Bangkok (Hua Lamphong Railway Station) By Bus 19:00 - Koh Lanta 11:30","19:00","11:30",3,"16:30 hrs.","13.738576663879677,100.51693482394262","https://img.adv-tour.com/photo/package/1497532844_2.jpg",800,700,990,800,1,"Bangkok",4,"Krabi",2,"Hua Lamphong",17,"Koh Lanta",3,"-",29,"Saladan"
"C211","TAOTOWN0001","Koh Tao 15:00 - Chumphon Town ( Night Bazaar) 18:30","15:00","18:30",6,"3:30 hrs.","10.082857774850531,99.82352718332822","https://img.adv-tour.com/photo/package/1502873951_2.jpg",400,200,500,250,11,"Suratthani",3,"Chumphon",51,"Koh Tao",9,"City",99,"Mae Haad Pier",10,"Chumphon Town"
"C212","TAOTRAIN0001","Koh Tao 15:00 - Chumphon Train 18:30","15:00","18:30",6,"3:30 hrs.","10.082857774850531,99.82352718332822","https://img.adv-tour.com/photo/package/1502873871_2.jpg",400,200,500,250,11,"Suratthani",3,"Chumphon",51,"Koh Tao",9,"City",99,"Mae Haad Pier",15,"Chumporn Train"
"C213","PNGPHI0001","Koh Phangan 07:00 - Koh Phi Phi 15:00","07:00","15:00",3,"8:0 hrs.","9.7109619,99.98247990000004","https://img.adv-tour.com/photo/package/1503033602_2.jpg",750,650,900,750,11,"Suratthani",4,"Krabi",49,"Koh Phangan",18,"Koh Phi Phi",68,"Thongsala Pier",30,"Ton Sai Pier"
"C214","PNGLANTA0001","Koh Phangan 07:00  - Koh Lanta 15:30","07:00","15:30",3,"8:30 hrs.","9.7109619,99.98247990000004","https://img.adv-tour.com/photo/package/1503034169_2.jpg",750,650,900,750,11,"Suratthani",4,"Krabi",49,"Koh Phangan",17,"Koh Lanta",68,"Thongsala Pier",120,"Sala Dan Pier"
"C215","USMLANTA0001","Koh Samui 08:00  - Koh Lanta 15:30","08:00","15:30",6,"7:30 hrs.","9.5355552,99.93455449999999","https://img.adv-tour.com/photo/package/1502790118_2.jpg",550,450,700,550,11,"Suratthani",4,"Krabi",50,"Koh Samui",17,"Koh Lanta",87,"Nathon Pier",120,"Sala Dan Pier"
"C216","BKKTAO0004","Bangkok (Khaosan Road) 20:00 - Koh Tao 09:45","20:00","09:45",2,"13:45 hrs.","13.7586581,100.49756619999994","https://img.adv-tour.com/photo/package/1498209011_2.jpg",750,650,900,750,1,"Bangkok",11,"Suratthani",3,"Khaosan road",51,"Koh Tao",4,"Songserm Office",99,"Mae Haad Pier"
"C217","BKKPNG0003","Bangkok (Khaosan Road) 20:00 - Koh Phangan 12:00","20:00","12:00",2,"16:0 hrs.","13.7586581,100.49756619999994","https://img.adv-tour.com/photo/package/1503117825_2.jpg",800,700,950,800,1,"Bangkok",11,"Suratthani",3,"Khaosan road",49,"Koh Phangan",4,"Songserm Office",68,"Thongsala Pier"
"C219","URTTRAINUSM0001","Suratthani Train  07:30  - Koh samui 11:20","07:30","11:20",12,"3:50 hrs.","9.104141499999999, 99.23045359999992","https://img.adv-tour.com/photo/package/1502868338_2.jpg",250,200,350,250,11,"Suratthani",11,"Suratthani",47,"City",50,"Koh Samui",109,"Suratthani Train",87,"Nathon Pier"
"C220","URTTRAINPNG0001","Suratthani Train 07:30  - Koh Phangan 12:15","07:30","12:15",12,"4:45 hrs.","9.104141499999999, 99.23045359999992","https://img.adv-tour.com/photo/package/1502868583_2.jpg",350,250,450,350,11,"Suratthani",11,"Suratthani",47,"City",49,"Koh Phangan",109,"Suratthani Train",68,"Thongsala Pier"
"C221","URTTRAINTAO0001","Suratthani Train 07:30  - Koh Tao 14:30","07:30","14:30",12,"7:0 hrs.","9.104141499999999, 99.23045359999992","https://img.adv-tour.com/photo/package/1502868473_2.jpg",600,500,750,600,11,"Suratthani",11,"Suratthani",47,"City",51,"Koh Tao",109,"Suratthani Train",99,"Mae Haad Pier"
"C224","URTAPTUSM0001","Suratthani Airport 08:20 - Koh Samui 11:20","08:20","11:20",6,"3:0 hrs.","9.1342968,99.14288199999999","https://img.adv-tour.com/photo/package/1502870985_2.jpg",450,400,500,450,11,"Suratthani",11,"Suratthani",47,"City",50,"Koh Samui",106,"Suratthani Airport",87,"Nathon Pier"
"C225","URTAPTUSM0002","Suratthani Airport 13:45 - Koh Samui 17:45","13:45","17:45",6,"4:0 hrs.","9.1342968,99.14288199999999","https://img.adv-tour.com/photo/package/1500626647_2.jpg",450,400,500,450,11,"Suratthani",11,"Suratthani",47,"City",50,"Koh Samui",106,"Suratthani Airport",87,"Nathon Pier"
"C226","URTAPTPNG0001","Suratthani Airport 08:20  - Koh Phangan 12:15","08:20","12:15",6,"3:55 hrs.","9.1342968,99.14288199999999","https://img.adv-tour.com/photo/package/1502871190_2.jpg",550,450,600,550,11,"Suratthani",11,"Suratthani",47,"City",49,"Koh Phangan",106,"Suratthani Airport",68,"Thongsala Pier"
"C227","URTAPTPNG0002","Suratthani Airport 13:45  - Koh Phangan 18:45","13:45","18:45",6,"5:0 hrs.","9.1342968,99.14288199999999","https://img.adv-tour.com/photo/package/1500626474_2.jpg",550,450,600,550,11,"Suratthani",11,"Suratthani",47,"City",49,"Koh Phangan",106,"Suratthani Airport",68,"Thongsala Pier"
"C229","PNGCHP001","Koh Phangan 12:45 - Chumphon Pier 18:00","12:45","18:00",3,"5:15 hrs.","9.7109619,99.98247990000004","https://img.adv-tour.com/photo/package/1503037208_2.jpg",750,350,900,450,11,"Suratthani",3,"Chumphon",49,"Koh Phangan",71,"Pier",68,"Thongsala Pier",9,"Matthaphon"
"C230","CPNTRAINPNG0001","Chumphon Train 06:00 - Koh Phangan 12:00","06:00","12:00",6,"6:0 hrs.","10.5030058,99.17593220000003","https://img.adv-tour.com/photo/package/1498213839_2.jpg",650,350,850,420,3,"Chumphon",11,"Suratthani",9,"City",49,"Koh Phangan",15,"Chumporn Train",68,"Thongsala Pier"
"C233","Chawengtao0001","Chaweng Beach Hotel Transfer 09:30 - Koh Tao 14:30","09:30","14:30",24,"5:0 hrs.","9.5217655,100.0587964","https://img.adv-tour.com/photo/package/1498212703_2.jpg",550,300,650,400,11,"Suratthani",11,"Suratthani",50,"Koh Samui",51,"Koh Tao",77,"Chaweng Beach",99,"Mae Haad Pier"
"C234","LAMAITAO0002","Lamai Beach Hotel Transfer 09:30  - Koh Tao 14:15","09:30","14:15",18,"4:45 hrs.","9.465350899999999, 100.04689239999993","https://img.adv-tour.com/photo/package/1503050830_2.jpg",550,300,650,400,11,"Suratthani",11,"Suratthani",50,"Koh Samui",51,"Koh Tao",84,"Lamai Beach",99,"Mae Haad Pier"
"C235","BPTAO0001","Bo Phut Beach Hotel Transfer 09:30  - Koh Tao 14:30","09:30","14:30",24,"5:0 hrs.","9.561,100.02788599999997","https://img.adv-tour.com/photo/package/1509364583_2.jpg",550,300,650,400,11,"Suratthani",11,"Suratthani",50,"Koh Samui",51,"Koh Tao",76,"Bo Phut Beach",99,"Mae Haad Pier"
"C236","MEANAMTAO0004","Meanam Beach Hotel Transfer 09:30  - Koh Tao 14:30","09:30","14:30",24,"5:0 hrs.","9.574485116505947, 99.99285659910731","https://img.adv-tour.com/photo/package/1503049162_2.jpg",550,300,650,400,11,"Suratthani",11,"Suratthani",50,"Koh Samui",51,"Koh Tao",86,"Mae Nam Beach",99,"Mae Haad Pier"
"C237","CWNTAO0005","Chaweng Noi Beach Hotel Transfer 09:30 - Koh Tao 14:30","09:30","14:30",18,"5:0 hrs.","9.505379399999999,100.0557116","https://img.adv-tour.com/photo/package/1498214882_2.jpg",550,300,650,400,11,"Suratthani",11,"Suratthani",50,"Koh Samui",51,"Koh Tao",78,"Chaweng Noi Beach",99,"Mae Haad Pier"
"C238","CMTAO0006","Choengmon Beach Hotel Transfer 09:30  - Koh Tao  14:30","09:30","14:30",18,"5:0 hrs.","9.558547899999999,100.08368369999994","https://img.adv-tour.com/photo/package/1498212892_2.jpg",550,300,650,400,11,"Suratthani",11,"Suratthani",50,"Koh Samui",51,"Koh Tao",79,"Choengmon Beach",99,"Mae Haad Pier"
"C239","CWPNG0001","Chaweng Beach (Koh Samui) 09:30  - Koh Phangan 12:15","09:30","12:15",18,"2:45 hrs.","9.5217655,100.0587964","https://img.adv-tour.com/photo/package/1503110992_2.jpg",300,180,350,250,11,"Suratthani",11,"Suratthani",50,"Koh Samui",49,"Koh Phangan",77,"Chaweng Beach",68,"Thongsala Pier"
"C240","LMPNG0002","Lamai Beach (Koh Samui) 09:30 - Koh Phangan 12:15","09:30","12:15",18,"2:45 hrs.","9.465350899999999, 100.04689239999993","https://img.adv-tour.com/photo/package/1503050735_2.jpg",300,180,350,250,11,"Suratthani",11,"Suratthani",50,"Koh Samui",49,"Koh Phangan",84,"Lamai Beach",68,"Thongsala Pier"
"C241","BPPNG0003","Bo Phut Beach (Koh Samui) 09:30 - Koh Phangan 12:15","09:30","12:15",18,"2:45 hrs.","9.561,100.02788599999997","https://img.adv-tour.com/photo/package/1498211834_2.jpg",300,180,350,250,11,"Suratthani",11,"Suratthani",50,"Koh Samui",49,"Koh Phangan",76,"Bo Phut Beach",68,"Thongsala Pier"
"C242","MNPNG0004","Meanam Beach (Koh Samui) 09:30 - Koh Phangan 12:15","09:30","12:15",18,"2:45 hrs.","9.574485116505947, 99.99285659910731","https://img.adv-tour.com/photo/package/1503049086_2.jpg",300,180,350,250,11,"Suratthani",11,"Suratthani",50,"Koh Samui",49,"Koh Phangan",86,"Mae Nam Beach",68,"Thongsala Pier"
"C243","CWNPNG0005","Chaweng Noi Beach (Koh Samui) 09:30  - Koh Phangan 12:15","09:30","12:15",18,"2:45 hrs.","9.505379399999999,100.0557116","https://img.adv-tour.com/photo/package/1498214750_2.jpg",300,180,350,250,11,"Suratthani",11,"Suratthani",50,"Koh Samui",49,"Koh Phangan",78,"Chaweng Noi Beach",68,"Thongsala Pier"
"C244","CMPNG0006","Choengmon Beach (Koh Samui) 09:30  - Koh Phangan 12:15","09:30","12:15",18,"2:45 hrs.","9.558547899999999,100.08368369999994","https://img.adv-tour.com/photo/package/1498212799_2.jpg",300,180,350,250,11,"Suratthani",11,"Suratthani",50,"Koh Samui",49,"Koh Phangan",79,"Choengmon Beach",68,"Thongsala Pier"
"C245","CWURTAPT0001","Cheweng Beach (Koh Samui) 06:30 - Suratthani Airport 12:00","06:30","12:00",18,"5:30 hrs.","9.5217655,100.0587964","https://img.adv-tour.com/photo/package/1503055762_2.jpg",550,400,650,550,11,"Suratthani",11,"Suratthani",50,"Koh Samui",47,"City",77,"Chaweng Beach",106,"Suratthani Airport"
"C246","LMURTAPT0002","Lamai Beach (Koh Samui) 06:30 - Suratthani Airport 12:00","06:30","12:00",18,"5:30 hrs.","9.465350899999999, 100.04689239999993","https://img.adv-tour.com/photo/package/1503050657_2.jpg",550,400,650,550,11,"Suratthani",11,"Suratthani",50,"Koh Samui",47,"City",84,"Lamai Beach",106,"Suratthani Airport"
"C247","BPURTAPT0003","Bo Phut Beach (Koh Samui) 06:30  - Suratthani Airport 12:00","06:30","12:00",18,"5:30 hrs.","9.561,100.02788599999997","https://img.adv-tour.com/photo/package/1498211946_2.jpg",550,400,650,550,11,"Suratthani",11,"Suratthani",50,"Koh Samui",47,"City",76,"Bo Phut Beach",106,"Suratthani Airport"
"C248","MNURTAPT0004","Meanam Beach (Koh Samui) 06:30 - Suratthani Airport 12:00","06:30","12:00",18,"5:30 hrs.","9.574485116505947, 99.99285659910731","https://img.adv-tour.com/photo/package/1503048986_2.jpg",550,400,650,550,11,"Suratthani",11,"Suratthani",50,"Koh Samui",47,"City",86,"Mae Nam Beach",106,"Suratthani Airport"
"C249","CMURTAPT0005","Choengmon Beach (Koh Samui) 06:30  - Suratthani Airport 12:00","06:30","12:00",18,"5:30 hrs.","9.558547899999999,100.08368369999994","https://img.adv-tour.com/photo/package/1498212987_2.jpg",550,400,650,550,11,"Suratthani",11,"Suratthani",50,"Koh Samui",47,"City",79,"Choengmon Beach",106,"Suratthani Airport"
"C250","CWNURTAPT0006","Chaweng Noi Beach (Koh Samui) 06:30  - Suratthani Airport 12:00","06:30","12:00",18,"5:30 hrs.","9.505379399999999,100.0557116","https://img.adv-tour.com/photo/package/1498215052_2.jpg",550,400,650,550,11,"Suratthani",11,"Suratthani",50,"Koh Samui",47,"City",78,"Chaweng Noi Beach",106,"Suratthani Airport"
"C251","CWURTAPT0007","Chaweng Beach (Koh Samui) 11:30  - Suratthani Airport 18:00","11:30","18:00",18,"6:30 hrs.","9.5217655,100.0587964","https://img.adv-tour.com/photo/package/1503055638_2.jpg",550,400,650,550,11,"Suratthani",11,"Suratthani",50,"Koh Samui",47,"City",77,"Chaweng Beach",106,"Suratthani Airport"
"C252","LMURTAPT0008","Lamai Beach (Koh Samui) 11:30  - Suratthani Airport 18:00","11:30","18:00",18,"6:30 hrs.","9.465350899999999, 100.04689239999993","https://img.adv-tour.com/photo/package/1503050517_2.jpg",550,400,650,550,11,"Suratthani",11,"Suratthani",50,"Koh Samui",47,"City",84,"Lamai Beach",106,"Suratthani Airport"
"C253","BPURTAPT0009","Bo Phut Beach (Koh Samui) 12:00 - Suratthani Airport 18:00","12:00","18:00",18,"6:0 hrs.","9.561,100.02788599999997","https://img.adv-tour.com/photo/package/1498212180_2.jpg",550,400,650,550,11,"Suratthani",11,"Suratthani",50,"Koh Samui",47,"City",76,"Bo Phut Beach",106,"Suratthani Airport"
"C254","MNURTAPT0010","Meanam Beach (Koh Samui) 11:30  - Suratthani Airport 18:00","11:30","18:00",18,"6:30 hrs.","9.574485116505947, 99.99285659910731","https://img.adv-tour.com/photo/package/1503048899_2.jpg",550,400,650,550,11,"Suratthani",11,"Suratthani",50,"Koh Samui",47,"City",86,"Mae Nam Beach",106,"Suratthani Airport"
"C255","CMURTAPT0011","Choengmon Beach (Koh Samui) 11:30  - Suratthani Airport 18:00","11:30","18:00",18,"6:30 hrs.","9.558547899999999,100.08368369999994","https://img.adv-tour.com/photo/package/1498213111_2.jpg",550,400,650,550,11,"Suratthani",11,"Suratthani",50,"Koh Samui",47,"City",79,"Choengmon Beach",106,"Suratthani Airport"
"C256","CWURTTOWN0001","Chaweng Beach (Koh Samui) 06:30 - Suratthani Town (Talad Kased) 11:00","06:30","11:00",18,"4:30 hrs.","9.5217655,100.0587964","https://img.adv-tour.com/photo/package/1503055549_2.jpg",400,300,500,400,11,"Suratthani",11,"Suratthani",50,"Koh Samui",47,"City",77,"Chaweng Beach",105,"Suratthani town"
"C257","LMURTTOWN0002","Lamai Beach (Koh Samui) 06:30  - Suratthani Town (Talad Kased) 11:00","06:30","11:00",18,"4:30 hrs.","9.465350899999999, 100.04689239999993","https://img.adv-tour.com/photo/package/1503050441_2.jpg",400,300,500,400,11,"Suratthani",11,"Suratthani",50,"Koh Samui",47,"City",84,"Lamai Beach",105,"Suratthani town"
"C258","BPURTTOWN0003","Bo Phut Beach (Koh Samui) 06:30  - Suratthani Town (Talad Kased) 11:00","06:30","11:00",18,"4:30 hrs.","9.561,100.02788599999997","https://img.adv-tour.com/photo/package/1498212069_2.jpg",400,300,500,400,11,"Suratthani",11,"Suratthani",50,"Koh Samui",47,"City",76,"Bo Phut Beach",105,"Suratthani town"
"C260","MNURTTOWN0004","Meanam Beach (Koh Samui) 06:30 - Suratthani Town (Talad Kased) 11:00","06:30","11:00",18,"4:30 hrs.","9.574485116505947, 99.99285659910731","https://img.adv-tour.com/photo/package/1503048815_2.jpg",400,300,500,400,11,"Suratthani",11,"Suratthani",50,"Koh Samui",47,"City",86,"Mae Nam Beach",105,"Suratthani town"
"C261","CWNURTTOWN0005","Chaweng Noi Beach (Koh Samui) 06:30  - Suratthani Town (Talad Kased)  11:00","06:30","11:00",18,"4:30 hrs.","9.505379399999999,100.0557116","https://img.adv-tour.com/photo/package/1490356582_2.jpg",400,300,500,400,11,"Suratthani",11,"Suratthani",50,"Koh Samui",47,"City",78,"Chaweng Noi Beach",105,"Suratthani town"
"C262","CMURTTOWN0006","Choengmon Beach (Koh Samui) 06:30  - Suratthani Town (Talad Kased) 11:00","06:30","11:00",18,"4:30 hrs.","9.558547899999999,100.08368369999994","https://img.adv-tour.com/photo/package/1498213224_2.jpg",400,300,500,400,11,"Suratthani",11,"Suratthani",50,"Koh Samui",47,"City",79,"Choengmon Beach",105,"Suratthani town"
"C263","CWNURTAPT0007","Chaweng Noi Beach (Koh Samui) 11:30 - Suratthani Airport 18:00","11:30","18:00",18,"6:30 hrs.","9.505379399999999,100.0557116","https://img.adv-tour.com/photo/package/1490356090_2.jpg",550,400,650,550,11,"Suratthani",11,"Suratthani",50,"Koh Samui",47,"City",78,"Chaweng Noi Beach",106,"Suratthani Airport"
"C264","CWURTTOWN0007","Chaweng Beach (Koh Samui) 11:30  - Suratthani Town (Talad Kased) 17:30","11:30","17:30",18,"6:0 hrs.","9.5217655,100.0587964","https://img.adv-tour.com/photo/package/1503055398_2.jpg",400,300,500,400,11,"Suratthani",11,"Suratthani",50,"Koh Samui",47,"City",77,"Chaweng Beach",105,"Suratthani town"
"C265","LMURTTOWN0007","Lamai Beach (Koh Samui) 11:30  - Suratthani Town (Talad Kased) 17:30","11:30","17:30",18,"6:0 hrs.","9.465350899999999, 100.04689239999993","https://img.adv-tour.com/photo/package/1503050322_2.jpg",400,300,500,400,11,"Suratthani",11,"Suratthani",50,"Koh Samui",47,"City",84,"Lamai Beach",105,"Suratthani town"
"C266","CGWNURTTOWN0009","Chaweng Noi Beach (Koh Samui) 11:30  - Suratthani Town 17:00","11:30","17:00",18,"5:30 hrs.","9.505379399999999,100.0557116","https://img.adv-tour.com/photo/package/1498212584_2.jpg",400,300,500,400,11,"Suratthani",11,"Suratthani",50,"Koh Samui",47,"City",78,"Chaweng Noi Beach",105,"Suratthani town"
"C267","BPURTTOWN0010","Bo Phut Beach (Koh Samui) 12:00  - Suratthani Town (Talad Kased) 17:30","12:00","17:30",18,"5:30 hrs.","9.561,100.02788599999997","https://img.adv-tour.com/photo/package/1498212289_2.jpg",400,300,500,400,11,"Suratthani",11,"Suratthani",50,"Koh Samui",47,"City",76,"Bo Phut Beach",105,"Suratthani town"
"C268","MNURTTOWN0011","Meanam Beach (Koh Samui) 11:30  - Suratthani Town (Talad Kased) 17:00","11:30","17:00",18,"5:30 hrs.","9.574485116505947, 99.99285659910731","https://img.adv-tour.com/photo/package/1503048645_2.jpg",400,300,500,400,11,"Suratthani",11,"Suratthani",50,"Koh Samui",47,"City",86,"Mae Nam Beach",105,"Suratthani town"
"C269","CMURTTOWN0012","Choengmon Beach (Koh Samui) 11:30  - Suratthani Town (Talad Kased) 17:30","11:30","17:30",18,"6:0 hrs.","9.558547899999999,100.08368369999994","https://img.adv-tour.com/photo/package/1498213323_2.jpg",400,300,500,400,11,"Suratthani",11,"Suratthani",50,"Koh Samui",47,"City",79,"Choengmon Beach",105,"Suratthani town"
"C270","CWURTTRAIN0001","Chaweng Beach (Koh Samui) 06:30  - Suratthani Train 11:30","06:30","11:30",18,"5:0 hrs.","9.5217655,100.0587964","https://img.adv-tour.com/photo/package/1503055253_2.jpg",400,300,500,400,11,"Suratthani",11,"Suratthani",50,"Koh Samui",47,"City",77,"Chaweng Beach",109,"Suratthani Train"
"C271","LMURTTRAIN0002","Lamai Beach (Koh Samui) 06:30 - Suratthani Train 11:30","06:30","11:30",18,"5:0 hrs.","9.465350899999999, 100.04689239999993","https://img.adv-tour.com/photo/package/1503050212_2.jpg",400,300,500,400,11,"Suratthani",11,"Suratthani",50,"Koh Samui",47,"City",84,"Lamai Beach",109,"Suratthani Train"
"C272","BPURTTRAIN0003","Bo Phut Beach (Koh Samui) 06:30  - Suratthani Train 11:30","06:30","11:30",18,"5:0 hrs.","9.561,100.02788599999997","https://img.adv-tour.com/photo/package/1498212399_2.jpg",400,300,500,400,11,"Suratthani",11,"Suratthani",50,"Koh Samui",47,"City",76,"Bo Phut Beach",109,"Suratthani Train"
"C273","MNURTTRAIN0004","Meanam Beach (Koh Samui) 06:30  - Suratthani Train 11:30","06:30","11:30",18,"5:0 hrs.","9.574485116505947, 99.99285659910731","https://img.adv-tour.com/photo/package/1503048275_2.jpg",400,300,500,400,11,"Suratthani",11,"Suratthani",50,"Koh Samui",47,"City",86,"Mae Nam Beach",109,"Suratthani Train"
"C274","CWNURTTRAIN0005","Chaweng Noi Beach (Koh Samui) 06:30  - Suratthani Train 11:30","06:30","11:30",18,"5:0 hrs.","9.505379399999999,100.0557116","https://img.adv-tour.com/photo/package/1503113861_2.jpg",400,300,500,400,11,"Suratthani",11,"Suratthani",50,"Koh Samui",47,"City",78,"Chaweng Noi Beach",109,"Suratthani Train"
"C275","CMURTTRAIN0006","Choengmon Beach (Koh Samui) 06:30  - Suratthani Train 11:30","06:30","11:30",18,"5:0 hrs.","9.558547899999999,100.08368369999994","https://img.adv-tour.com/photo/package/1498213476_2.jpg",400,300,500,400,11,"Suratthani",11,"Suratthani",50,"Koh Samui",47,"City",79,"Choengmon Beach",109,"Suratthani Train"
"C277","LMURTTRAIN0008","Lamai Beach (Koh Samui) 11:30  - Suratthani Train 17:30","11:30","17:30",18,"6:0 hrs.","9.465350899999999, 100.04689239999993","https://img.adv-tour.com/photo/package/1503050096_2.jpg",400,300,500,400,11,"Suratthani",11,"Suratthani",50,"Koh Samui",47,"City",84,"Lamai Beach",109,"Suratthani Train"
"C278","BPURTTRAIN0009","Bo Phut Beach (Koh Samui) 12:00  - Suratthani Train 17:30","12:00","17:30",18,"5:30 hrs.","9.561,100.02788599999997","https://img.adv-tour.com/photo/package/1498212491_2.jpg",400,300,500,400,11,"Suratthani",11,"Suratthani",50,"Koh Samui",47,"City",76,"Bo Phut Beach",109,"Suratthani Train"
"C279","MNURTTRAIN0010","Meanam Beach (Koh Samui) 11:30 - Suratthani Train 17:30","11:30","17:30",18,"6:0 hrs.","9.574485116505947, 99.99285659910731","https://img.adv-tour.com/photo/package/1503048081_2.jpg",400,300,500,400,11,"Suratthani",11,"Suratthani",50,"Koh Samui",47,"City",86,"Mae Nam Beach",109,"Suratthani Train"
"C280","CWNURTTRAIN0010","Chaweng Noi Beach (Koh Samui) 11:30  - Suratthani Train 17:30","11:30","17:30",18,"6:0 hrs.","9.505379399999999,100.0557116","https://img.adv-tour.com/photo/package/1503111223_2.jpg",400,300,500,400,11,"Suratthani",11,"Suratthani",50,"Koh Samui",47,"City",78,"Chaweng Noi Beach",109,"Suratthani Train"
"C281","CMURTTRAIN0012","Choengmon Beach (Koh Samui) 11:30 - Suratthani Train 17:30","11:30","17:30",18,"6:0 hrs.","9.558547899999999,100.08368369999994","https://img.adv-tour.com/photo/package/1498213574_2.jpg",400,300,500,400,11,"Suratthani",11,"Suratthani",50,"Koh Samui",47,"City",79,"Choengmon Beach",109,"Suratthani Train"
"C282","URTAPTCW0001","Suratthani Airport 08:20  - Chaweng Beach 12:30","08:20","12:30",6,"4:10 hrs.","9.1342968,99.14288199999999","https://img.adv-tour.com/photo/package/1502872808_2.jpg",600,500,650,600,11,"Suratthani",11,"Suratthani",47,"City",50,"Koh Samui",106,"Suratthani Airport",77,"Chaweng Beach"
"C283","URTAPTCW0002","Suratthani Airport 13:45  - Chaweng Beach 19:00","13:45","19:00",6,"5:15 hrs.","9.1342968,99.14288199999999","https://img.adv-tour.com/photo/package/1502872269_2.jpg",600,500,650,600,11,"Suratthani",11,"Suratthani",47,"City",50,"Koh Samui",106,"Suratthani Airport",77,"Chaweng Beach"
"C284","URTAPTLM0001","Suratthani Airport 08:20  - Lamai Beach 12:30","08:20","12:30",6,"4:10 hrs.","9.1342968,99.14288199999999","https://img.adv-tour.com/photo/package/1502871523_2.jpg",600,500,650,600,11,"Suratthani",11,"Suratthani",47,"City",50,"Koh Samui",106,"Suratthani Airport",84,"Lamai Beach"
"C285","URTAPTLM0002","Suratthani Airport  13:45  - Lamai  Beach 19:00","13:45","19:00",12,"5:15 hrs.","9.1342968,99.14288199999999","https://img.adv-tour.com/photo/package/1502871440_2.jpg",600,500,650,600,11,"Suratthani",11,"Suratthani",47,"City",50,"Koh Samui",106,"Suratthani Airport",84,"Lamai Beach"
"C286","URTAPTMN0001","Suratthani Airport 08:20  - Meanam Beach 12:30","08:20","12:30",6,"4:10 hrs.","9.1342968,99.14288199999999","https://img.adv-tour.com/photo/package/1502871355_2.jpg",600,500,650,600,11,"Suratthani",11,"Suratthani",47,"City",50,"Koh Samui",106,"Suratthani Airport",86,"Mae Nam Beach"
"C287","URTAPTMN0002","Suratthani Airport 13:45  - Meanam Beach 19:00","13:45","19:00",6,"5:15 hrs.","9.1342968,99.14288199999999","https://img.adv-tour.com/photo/package/1502871263_2.jpg",600,500,650,600,11,"Suratthani",11,"Suratthani",47,"City",50,"Koh Samui",106,"Suratthani Airport",86,"Mae Nam Beach"
"C288","URTAPTBP0001","Suratthani Airport 08:20  - Bo Phut  Beach 12:30","08:20","12:30",6,"4:10 hrs.","9.1342968,99.14288199999999","https://img.adv-tour.com/photo/package/1502873108_2.jpg",600,500,650,600,11,"Suratthani",11,"Suratthani",47,"City",50,"Koh Samui",106,"Suratthani Airport",76,"Bo Phut Beach"
"C289","URTAPTBP0002","Suratthani Airport 13:45 - Bo Phut Beach 19:00","13:45","19:00",6,"5:15 hrs.","9.1342968,99.14288199999999","https://img.adv-tour.com/photo/package/1502873035_2.jpg",600,500,650,600,11,"Suratthani",11,"Suratthani",47,"City",50,"Koh Samui",106,"Suratthani Airport",76,"Bo Phut Beach"
"C290","URTAPTCWN0001","Suratthani Airport 08:20  - Chaweng Noi Beach 12:30","08:20","12:30",6,"4:10 hrs.","9.1342968,99.14288199999999","https://img.adv-tour.com/photo/package/1502872179_2.jpg",600,500,650,600,11,"Suratthani",11,"Suratthani",47,"City",50,"Koh Samui",106,"Suratthani Airport",78,"Chaweng Noi Beach"
"C291","URTAPTCWN0002","Suratthani Airport 13:45  - Chaweng Noi  Beach 19:00","13:45","19:00",6,"5:15 hrs.","9.1342968,99.14288199999999","https://img.adv-tour.com/photo/package/1502871604_2.jpg",600,500,650,600,11,"Suratthani",11,"Suratthani",47,"City",50,"Koh Samui",106,"Suratthani Airport",78,"Chaweng Noi Beach"
"C292","URTAPTCM0001","Suratthani Airport 08:20   - Choengmon  Beach 12:30","08:20","12:30",6,"4:10 hrs.","9.1342968,99.14288199999999","https://img.adv-tour.com/photo/package/1502872931_2.jpg",600,500,650,600,11,"Suratthani",11,"Suratthani",47,"City",50,"Koh Samui",106,"Suratthani Airport",79,"Choengmon Beach"
"C293","URTAPTCM0002","Suratthani Airport 13:45  - Choengmon Beach 19:00","13:45","19:00",6,"5:15 hrs.","9.1342968,99.14288199999999","https://img.adv-tour.com/photo/package/1490424607_2.jpg",600,500,650,600,11,"Suratthani",11,"Suratthani",47,"City",50,"Koh Samui",106,"Suratthani Airport",79,"Choengmon Beach"
"C297","ANCW0001","Ao Nang 06:00 - Chaweng Beach 12:30","06:00","12:30",18,"6:30 hrs.","8.0313147,98.82200039999998","https://img.adv-tour.com/photo/package/1508404699_2.jpg",550,450,650,550,4,"Krabi",11,"Suratthani",14,"City",50,"Koh Samui",23,"Ao Nang",77,"Chaweng Beach"
"C298","ANCW0002","Ao Nang 11:00  - Chaweng Beach 19:00","11:00","19:00",18,"8:0 hrs.","8.0313147,98.82200039999998","https://img.adv-tour.com/photo/package/1508404738_2.jpg",550,450,650,550,4,"Krabi",11,"Suratthani",14,"City",50,"Koh Samui",23,"Ao Nang",77,"Chaweng Beach"
"C299","ANLM0001","Ao Nang 06:00 - Lamai Beach 12:30","06:00","12:30",18,"6:30 hrs.","","https://img.adv-tour.com/photo/package/1508404845_2.jpg",550,450,650,550,4,"Krabi",11,"Suratthani",14,"City",50,"Koh Samui",23,"Ao Nang",84,"Lamai Beach"
"C300","ANLM0002","Ao Nang 11:00 - Lamai Beach 19:00","11:00","19:00",18,"8:0 hrs.","8.0313147,98.82200039999998","https://img.adv-tour.com/photo/package/1508405184_2.jpg",550,450,650,550,4,"Krabi",11,"Suratthani",14,"City",50,"Koh Samui",23,"Ao Nang",84,"Lamai Beach"
"C301","ANCWN0001","Ao Nang 06:00 - Chaweng Noi Beach 12:30","06:00","12:30",18,"6:30 hrs.","8.0313147,98.82200039999998","https://img.adv-tour.com/photo/package/1508404771_2.jpg",550,450,650,550,4,"Krabi",11,"Suratthani",14,"City",50,"Koh Samui",23,"Ao Nang",78,"Chaweng Noi Beach"
"C302","ANCWN0002","Ao Nang 11:00 - Chaweng Noi Beach 19:00","11:00","19:00",18,"8:0 hrs.","8.0313147,98.82200039999998","https://img.adv-tour.com/photo/package/1508404813_2.jpg",550,450,650,550,4,"Krabi",11,"Suratthani",14,"City",50,"Koh Samui",23,"Ao Nang",78,"Chaweng Noi Beach"
"C303","ANBP0001","Ao Nang 06:00 - Bo Phut Beach 12:30","06:00","12:30",18,"6:30 hrs.","8.0313147,98.82200039999998","https://img.adv-tour.com/photo/package/1508404470_2.jpg",550,450,650,550,4,"Krabi",11,"Suratthani",14,"City",50,"Koh Samui",23,"Ao Nang",76,"Bo Phut Beach"
"C304","ANBP0002","Ao Nang 11:00 - Bo Phut Beach 19:00","11:00","19:00",18,"8:0 hrs.","8.0313147,98.82200039999998","https://img.adv-tour.com/photo/package/1508404519_2.jpg",550,450,650,550,4,"Krabi",11,"Suratthani",14,"City",50,"Koh Samui",23,"Ao Nang",76,"Bo Phut Beach"
"C305","ANMN0001","Ao Nang 06:00 - Meanam Beach 12:30","06:00","12:30",18,"6:30 hrs.","8.0313147,98.82200039999998","https://img.adv-tour.com/photo/package/1497525361_2.jpg",550,450,650,550,4,"Krabi",11,"Suratthani",14,"City",50,"Koh Samui",23,"Ao Nang",86,"Mae Nam Beach"
"C306","ANMN0002","Ao Nang 11:00 - Meanam Beach 19:00","11:00","19:00",18,"8:0 hrs.","8.0313147,98.82200039999998","https://img.adv-tour.com/photo/package/1497525669_2.jpg",550,450,650,550,4,"Krabi",11,"Suratthani",14,"City",50,"Koh Samui",23,"Ao Nang",86,"Mae Nam Beach"
"C307","ANCM0001","Ao Nang 06:00 - Choengmon Beach 12:30","06:00","12:30",18,"6:30 hrs.","8.0313147,98.82200039999998","https://img.adv-tour.com/photo/package/1508404571_2.jpg",550,450,650,550,4,"Krabi",11,"Suratthani",14,"City",50,"Koh Samui",23,"Ao Nang",79,"Choengmon Beach"
"C308","ANCM0002","Ao Nang 11:00 - Choengmon Beach 19:00","11:00","19:00",18,"8:0 hrs.","8.0313147,98.82200039999998","https://img.adv-tour.com/photo/package/1508404661_2.jpg",550,450,650,550,4,"Krabi",11,"Suratthani",14,"City",50,"Koh Samui",23,"Ao Nang",79,"Choengmon Beach"
"C309","ANMCW0001","Ao Nam Mao 06:00 - Chaweng Beach 12:30","06:00","12:30",18,"6:30 hrs.","8.028357999999999,98.86186799999996","https://img.adv-tour.com/photo/package/1497437523_2.jpg",550,450,650,550,4,"Krabi",11,"Suratthani",14,"City",50,"Koh Samui",22,"Ao Nam Mao",77,"Chaweng Beach"
"C311","ANMLM0001","Ao Nam Mao 06:00 - Lamai Beach 12:30","06:00","12:30",18,"6:30 hrs.","8.028357999999999,98.86186799999996","https://img.adv-tour.com/photo/package/1497445215_2.jpg",550,450,650,550,4,"Krabi",11,"Suratthani",14,"City",50,"Koh Samui",22,"Ao Nam Mao",84,"Lamai Beach"
"C313","ANMBP0001","Ao Nam Mao 06:00 - Bo Phut Beach 12:30","06:00","12:30",16,"6:30 hrs.","8.028357999999999,98.86186799999996","https://img.adv-tour.com/photo/package/1508405308_2.jpg",550,450,650,550,4,"Krabi",11,"Suratthani",14,"City",50,"Koh Samui",22,"Ao Nam Mao",76,"Bo Phut Beach"
"C315","ANMMN0001","Ao Nam Mao 06:00 - Meanam  Beach 12:30","06:00","12:30",18,"6:30 hrs.","8.028357999999999,98.86186799999996","https://img.adv-tour.com/photo/package/1497517460_2.jpg",550,450,650,550,4,"Krabi",11,"Suratthani",14,"City",50,"Koh Samui",22,"Ao Nam Mao",86,"Mae Nam Beach"
"C317","ANMCWN0001","Ao Nam Mao 06:00 - Chaweng Noi Beach 12:30","06:00","12:30",18,"6:30 hrs.","8.028357999999999,98.86186799999996","https://img.adv-tour.com/photo/package/1497444890_2.jpg",550,450,650,550,4,"Krabi",11,"Suratthani",14,"City",50,"Koh Samui",22,"Ao Nam Mao",78,"Chaweng Noi Beach"
"C319","ANMCM0001","Ao Nam Mao 06:00 - Choengmon Beach 12:30","06:00","12:30",18,"6:30 hrs.","8.028357999999999,98.86186799999996","https://img.adv-tour.com/photo/package/1497437108_2.jpg",550,450,650,550,4,"Krabi",11,"Suratthani",14,"City",50,"Koh Samui",22,"Ao Nam Mao",79,"Choengmon Beach"
"C321","ANPHI0001","Ao Nang 08:00 - Koh Phi Phi 10:30","08:00","10:30",18,"2:30 hrs.","8.0313147,98.82200039999998","https://img.adv-tour.com/photo/package/212999.jpg",350,250,450,350,4,"Krabi",4,"Krabi",14,"City",18,"Koh Phi Phi",23,"Ao Nang",30,"Ton Sai Pier"
"C322","NPRCW0001","Nopparat Thara 06:00  - Chaweng Beach 12:30","06:00","12:30",18,"6:30 hrs.","8.041813, 98.81163900000001","https://img.adv-tour.com/photo/package/1490414065_2.jpg",600,500,750,650,4,"Krabi",11,"Suratthani",14,"City",50,"Koh Samui",36,"Nopparat Thara",77,"Chaweng Beach"
"C323","NPRCW0002","Nopparat Thara 11:00  - Chaweng Beach 19:00","11:00","19:00",18,"8:0 hrs.","8.041813, 98.81163900000001","https://img.adv-tour.com/photo/package/1490414143_2.jpg",600,500,750,650,4,"Krabi",11,"Suratthani",14,"City",50,"Koh Samui",36,"Nopparat Thara",77,"Chaweng Beach"
"C324","NPRKM0001","Nopparat Thara 06:00  - Lamai Beach 12:30","06:00","12:30",18,"6:30 hrs.","8.041813, 98.81163900000001","https://img.adv-tour.com/photo/package/1503047488_2.jpg",600,500,750,650,4,"Krabi",11,"Suratthani",14,"City",50,"Koh Samui",36,"Nopparat Thara",84,"Lamai Beach"
"C325","NPRLM0002","Nopparat Thara 11:00 - Lamai Beach 19:00","11:00","19:00",18,"8:0 hrs.","8.041813, 98.81163900000001","https://img.adv-tour.com/photo/package/1490414465_2.jpg",600,500,750,650,4,"Krabi",11,"Suratthani",14,"City",50,"Koh Samui",36,"Nopparat Thara",84,"Lamai Beach"
"C326","NPRBP0001","Nopparat Thara 06:00  - Bo Phut  Beach 12:30","06:00","12:30",18,"6:30 hrs.","8.041813, 98.81163900000001","https://img.adv-tour.com/photo/package/1503047779_2.jpg",600,500,750,650,4,"Krabi",11,"Suratthani",14,"City",50,"Koh Samui",36,"Nopparat Thara",76,"Bo Phut Beach"
"C327","NPRBP0002","Nopparat Thara 11:00 - Bo Phut Beach 19:00","11:00","19:00",18,"8:0 hrs.","8.041813, 98.81163900000001","https://img.adv-tour.com/photo/package/1490413849_2.jpg",600,500,750,650,4,"Krabi",11,"Suratthani",14,"City",50,"Koh Samui",36,"Nopparat Thara",76,"Bo Phut Beach"
"C328","NPRMN0001","Nopparat Thara 06:00  - Meanam  Beach 12:30","06:00","12:30",18,"6:30 hrs.","8.041813, 98.81163900000001","https://img.adv-tour.com/photo/package/1503042922_2.jpg",600,500,750,650,4,"Krabi",11,"Suratthani",14,"City",50,"Koh Samui",36,"Nopparat Thara",86,"Mae Nam Beach"
"C329","NPRMN0002","Nopparat Thara 11:00  - Meanam Beach 19:00","11:00","19:00",18,"8:0 hrs.","8.041813, 98.81163900000001","https://img.adv-tour.com/photo/package/1503042782_2.jpg",600,500,750,650,4,"Krabi",11,"Suratthani",14,"City",50,"Koh Samui",36,"Nopparat Thara",86,"Mae Nam Beach"
"C330","NPRCWN0001","Nopparat Thara 06:00  - Chaweng Noi Beach 12:30","06:00","12:30",18,"6:30 hrs.","8.041813, 98.81163900000001","https://img.adv-tour.com/photo/package/1503043429_2.jpg",600,500,750,650,4,"Krabi",11,"Suratthani",14,"City",50,"Koh Samui",36,"Nopparat Thara",78,"Chaweng Noi Beach"
"C331","NPRCWN0002","Nopparat Thara 11:00  - Chaweng Noi Beach 19:00","11:00","19:00",18,"8:0 hrs.","8.041813, 98.81163900000001","https://img.adv-tour.com/photo/package/1503043311_2.jpg",600,500,750,650,4,"Krabi",11,"Suratthani",14,"City",50,"Koh Samui",36,"Nopparat Thara",78,"Chaweng Noi Beach"
"C332","NPRCM0001","Nopparat Thara 06:00 - Choengmon  Beach 12:30","06:00","12:30",18,"6:30 hrs.","8.041813, 98.81163900000001","https://img.adv-tour.com/photo/package/1490413913_2.jpg",600,500,750,650,4,"Krabi",11,"Suratthani",14,"City",50,"Koh Samui",36,"Nopparat Thara",79,"Choengmon Beach"
"C333","NPRCM0002","Nopparat Thara 11:00  - Choengmon Beach 19:00","11:00","19:00",18,"8:0 hrs.","8.041813, 98.81163900000001","https://img.adv-tour.com/photo/package/1490413988_2.jpg",600,500,750,650,4,"Krabi",11,"Suratthani",14,"City",50,"Koh Samui",36,"Nopparat Thara",79,"Choengmon Beach"
"C334","ANPHI0002","Ao Nang Beach Transfer Hotel 12:00 - Koh Phi Phi 15:00","12:00","15:00",18,"3:0 hrs.","8.0313147,98.82200039999998","https://img.adv-tour.com/photo/package/1497529359_2.jpg",350,250,450,350,4,"Krabi",4,"Krabi",14,"City",18,"Koh Phi Phi",23,"Ao Nang",30,"Ton Sai Pier"
"C335","ANMPHI0001","Ao Nam Mao 08:00 - Koh Phi Phi 10:30","08:00","10:30",18,"2:30 hrs.","8.028357999999999,98.86186799999996","https://img.adv-tour.com/photo/package/1497525625_2.jpg",350,250,450,350,4,"Krabi",4,"Krabi",14,"City",18,"Koh Phi Phi",22,"Ao Nam Mao",30,"Ton Sai Pier"
"C336","ANMPHI0002","Ao Nam Mao 12:00 - Koh Phi Phi 15:00","12:00","15:00",18,"3:0 hrs.","8.028357999999999,98.86186799999996","https://img.adv-tour.com/photo/package/1497525771_2.jpg",350,250,450,350,4,"Krabi",4,"Krabi",14,"City",18,"Koh Phi Phi",22,"Ao Nam Mao",30,"Ton Sai Pier"
"C337","NPRPHI0001","Nopparat Thara 08:00  - Koh Phi Phi 10:30","08:00","10:30",18,"2:30 hrs.","8.041813, 98.81163900000001","https://img.adv-tour.com/photo/package/1503042654_2.jpg",350,250,450,350,4,"Krabi",4,"Krabi",14,"City",18,"Koh Phi Phi",36,"Nopparat Thara",30,"Ton Sai Pier"
"C338","NPR0002","Nopparat Thara 12:00  - Koh Phi Phi 15:00","12:00","15:00",18,"3:0 hrs.","8.041813, 98.81163900000001","https://img.adv-tour.com/photo/package/1503047874_2.jpg",350,250,450,350,4,"Krabi",4,"Krabi",14,"City",18,"Koh Phi Phi",36,"Nopparat Thara",30,"Ton Sai Pier"
"C340","PHIAOW0001","Koh Phi Phi 10:30  - Ao Nang (mcdonald's ao nang) 13:30","10:30","13:30",12,"3:0 hrs.","7.7379053,98.77061959999992","https://img.adv-tour.com/photo/package/1503042005_2.jpg",350,250,450,350,4,"Krabi",4,"Krabi",18,"Koh Phi Phi",14,"City",30,"Ton Sai Pier",23,"Ao Nang"
"C341","PHIAOW0002","Koh Phi Phi 15:30 - Ao Nang (mcdonald's ao nang) 18:30","15:30","18:30",12,"3:0 hrs.","7.7379053,98.77061959999992","https://img.adv-tour.com/photo/package/1503041559_2.jpg",350,250,450,350,4,"Krabi",4,"Krabi",18,"Koh Phi Phi",14,"City",30,"Ton Sai Pier",23,"Ao Nang"
"C342","PHIANM0001","Koh Phi Phi 10:30  - Ao Nam Mao(Pier) 13:30","10:30","13:30",12,"3:0 hrs.","7.7379053,98.77061959999992","https://img.adv-tour.com/photo/package/1503042154_2.jpg",350,250,450,350,4,"Krabi",4,"Krabi",18,"Koh Phi Phi",14,"City",30,"Ton Sai Pier",131,"Ao Nam Mao(Pier)"
"C343","PHIANM0002","Koh Phi Phi 15:30 - Ao Nam Mao(Pier) 18:30","15:30","18:30",12,"3:0 hrs.","7.7379053,98.77061959999992","https://img.adv-tour.com/photo/package/1503042071_2.jpg",350,250,450,350,4,"Krabi",4,"Krabi",18,"Koh Phi Phi",14,"City",30,"Ton Sai Pier",131,"Ao Nam Mao(Pier)"
"C344","PHINPR0001","Koh Phi Phi 10:30 - Nopparat Thara 13:30","10:30","13:30",12,"3:0 hrs.","7.7379053,98.77061959999992","https://img.adv-tour.com/photo/package/1503041414_2.jpg",350,250,450,350,4,"Krabi",4,"Krabi",18,"Koh Phi Phi",14,"City",30,"Ton Sai Pier",36,"Nopparat Thara"
"C345","PHINPR0002","Koh Phi Phi 15:30  - Nopparat Thara 18:30","15:30","18:30",12,"3:0 hrs.","7.7379053,98.77061959999992","https://img.adv-tour.com/photo/package/1503041352_2.jpg",350,250,450,350,4,"Krabi",4,"Krabi",18,"Koh Phi Phi",14,"City",30,"Ton Sai Pier",36,"Nopparat Thara"
"C346","AOWPNG0001","Ao Nang 06:00 - Koh Phangan 12:15","06:00","12:15",18,"6:15 hrs.","8.0313147,98.82200039999998","https://img.adv-tour.com/photo/package/1497530156_2.jpg",600,500,700,600,4,"Krabi",11,"Suratthani",14,"City",49,"Koh Phangan",23,"Ao Nang",68,"Thongsala Pier"
"C347","ANMPNG0001","Ao Nam Mao 06:00 - Koh Phangan 12:15","06:00","12:15",18,"6:15 hrs.","8.028357999999999,98.86186799999996","https://img.adv-tour.com/photo/package/1497525875_2.jpg",600,500,700,600,4,"Krabi",11,"Suratthani",14,"City",49,"Koh Phangan",22,"Ao Nam Mao",68,"Thongsala Pier"
"C348","NPRPNG0001","Nopparat Thara 06:00  - Koh Phangan 12:15","06:00","12:15",18,"6:15 hrs.","8.041813, 98.81163900000001","https://img.adv-tour.com/photo/package/1503042325_2.jpg",600,500,700,600,4,"Krabi",11,"Suratthani",14,"City",49,"Koh Phangan",36,"Nopparat Thara",68,"Thongsala Pier"
"C349","ANPNG0002","Ao Nang 11:00 - Koh Phangan 18:45","11:00","18:45",18,"7:45 hrs.","8.0313147,98.82200039999998","https://img.adv-tour.com/photo/package/1497529580_2.jpg",600,500,700,600,4,"Krabi",11,"Suratthani",14,"City",49,"Koh Phangan",23,"Ao Nang",68,"Thongsala Pier"
"C351","NPRPNG0002","Nopparat Thara 11:00 - Koh Phangan 18:45","11:00","18:45",18,"7:45 hrs.","8.041813, 98.81163900000001","https://img.adv-tour.com/photo/package/1503042572_2.jpg",600,500,700,600,4,"Krabi",11,"Suratthani",14,"City",49,"Koh Phangan",36,"Nopparat Thara",68,"Thongsala Pier"
"C355","BKKUSM0003","Bangkok (Khaosan Road) 20:00 - Koh Samui 13:15","20:00","13:15",2,"17:15 hrs.","13.7586581,100.49756619999994","https://img.adv-tour.com/photo/package/1498209992_2.jpg",850,750,990,850,1,"Bangkok",11,"Suratthani",3,"Khaosan road",50,"Koh Samui",4,"Songserm Office",87,"Nathon Pier"
"C363","KSUSM0002","Khao Sok 10:30 - Koh Samui 17:45","10:30","17:45",12,"7:15 hrs.","8.9008760590022, 98.52103471756","https://img.adv-tour.com/photo/package/1503051025_2.jpg",650,550,800,650,11,"Suratthani",11,"Suratthani",47,"City",50,"Koh Samui",65,"Khao Sok",87,"Nathon Pier"
"C364","KSPNG0001","Khao Sok 10:30 - Koh Phangan 18:45","10:30","18:45",12,"8:15 hrs.","8.9008760590022, 98.52103471756","https://img.adv-tour.com/photo/package/1503051105_2.jpg",750,650,900,750,11,"Suratthani",11,"Suratthani",47,"City",49,"Koh Phangan",65,"Khao Sok",68,"Thongsala Pier"
"C366","ANTAO0001","Ao Nang 06:00  - Koh Tao 14:30","06:00","14:30",18,"8:30 hrs.","8.0313147,98.82200039999998","https://img.adv-tour.com/photo/package/1497529947_2.jpg",650,550,800,650,4,"Krabi",11,"Suratthani",14,"City",51,"Koh Tao",23,"Ao Nang",99,"Mae Haad Pier"
"C399","KBVPHI0001","Krabi Town 08:00 - Koh Phi Phi 10:30","08:00","10:30",18,"2:30 hrs.","8.064267899999999,98.91543509999997","https://img.adv-tour.com/photo/package/1500627059_2.jpg",350,250,450,350,4,"Krabi",4,"Krabi",14,"City",18,"Koh Phi Phi",35,"Krabi Town",30,"Ton Sai Pier"
"C400","KBVPHI0002","Krabi Town 12:00  - Koh Phi Phi 15:00","12:00","15:00",18,"3:0 hrs.","8.064267899999999,98.91543509999997","https://img.adv-tour.com/photo/package/1503052229_2.jpg",350,250,450,350,4,"Krabi",4,"Krabi",14,"City",18,"Koh Phi Phi",35,"Krabi Town",30,"Ton Sai Pier"
"C403","PHITOWN001","Koh Phi Phi 15:30  - Krabi Town (Pak-Up)18:00","15:30","18:00",12,"2:30 hrs.","7.7379053,98.77061959999992","https://img.adv-tour.com/photo/package/1495014634_2.jpg",350,250,450,350,4,"Krabi",4,"Krabi",18,"Koh Phi Phi",14,"City",30,"Ton Sai Pier",35,"Krabi Town"
"C405","CPNTRAINTAO","Chumphon Train 06:00 - Koh Tao 09:45","06:00","09:45",6,"3:45 hrs.","10.5030058,99.17593220000003","https://img.adv-tour.com/photo/package/1498213928_2.jpg",400,200,500,250,3,"Chumphon",11,"Suratthani",9,"City",51,"Koh Tao",15,"Chumporn Train",99,"Mae Haad Pier"
"C406","CPNTRAINUSM","Chumphon Train 06:00 - Koh Samui 13:15","06:00","13:15",6,"7:15 hrs.","10.5030058,99.17593220000003","https://img.adv-tour.com/photo/package/1498214075_2.jpg",750,400,900,450,3,"Chumphon",11,"Suratthani",9,"City",50,"Koh Samui",15,"Chumporn Train",87,"Nathon Pier"
"C410","PHIKBVAIR0001","Koh Phi Phi 10:30 - Krabi Airport 13:30","10:30","13:30",12,"3:0 hrs.","7.7379053,98.77061959999992","https://img.adv-tour.com/photo/package/1497515782_2.jpg",500,500,650,650,4,"Krabi",4,"Krabi",18,"Koh Phi Phi",14,"City",30,"Ton Sai Pier",20,"Krabi Airport"
"C411","PHIKBVAIR0002","Koh Phi Phi 15:30 - Krabi Airport 18:30","15:30","18:30",12,"3:0 hrs.","7.7379053,98.77061959999992","https://img.adv-tour.com/photo/package/1497515735_2.jpg",500,500,650,650,4,"Krabi",4,"Krabi",18,"Koh Phi Phi",14,"City",30,"Ton Sai Pier",20,"Krabi Airport"
"C416","PHITOWN002","Koh Phi Phi 10:30  - Krabi Town (Pak-Up) 13:30","10:30","13:30",12,"3:0 hrs.","7.7379053,98.77061959999992","https://img.adv-tour.com/photo/package/1503040612_2.jpg",350,250,450,350,4,"Krabi",4,"Krabi",18,"Koh Phi Phi",14,"City",30,"Ton Sai Pier",35,"Krabi Town"
"C417","PTPHIPHI0001","Patong Beach 07:00 - Koh Phi Phi 10:30","07:00","10:30",10,"3:30 hrs.","7.8961957, 98.29541470000004","https://img.adv-tour.com/photo/package/109337.jpg",450,350,750,650,6,"Phuket",4,"Krabi",33,"City",18,"Koh Phi Phi",52,"Patong Beach",30,"Ton Sai Pier"
"C418","PTPHIPHI0002","Patong Beach 12:00 - Koh Phi Phi 15:30","12:00","15:30",10,"3:30 hrs.","7.8961957, 98.29541470000004","https://img.adv-tour.com/photo/package/1500627431_2.jpg",450,350,750,650,6,"Phuket",4,"Krabi",33,"City",18,"Koh Phi Phi",52,"Patong Beach",30,"Ton Sai Pier"
"C419","KTPHI0001","Kata Beach 07:00 - Koh Phi Phi 10:30","07:00","10:30",10,"3:30 hrs.","7.820694500000002, 98.2976473","https://img.adv-tour.com/photo/package/1500627743_2.jpg",450,350,750,650,6,"Phuket",4,"Krabi",33,"City",18,"Koh Phi Phi",51,"Kata Beach",30,"Ton Sai Pier"
"C420","KTPHI0002","Kata Beach 12:00 - Koh Phi Phi 15:30","12:00","15:30",10,"3:30 hrs.","7.820694500000002, 98.2976473","https://img.adv-tour.com/photo/package/1500628163_2.jpg",450,350,750,650,6,"Phuket",4,"Krabi",33,"City",18,"Koh Phi Phi",51,"Kata Beach",30,"Ton Sai Pier"
"C421","KRPHI0001","Karon Beach 07:00 - Koh Phi Phi 10:30","07:00","10:30",10,"3:30 hrs.","7.843899100000001, 98.29361859999995","https://img.adv-tour.com/photo/package/1500628391_2.jpg",450,350,750,650,6,"Phuket",4,"Krabi",33,"City",18,"Koh Phi Phi",50,"Karon Beach",30,"Ton Sai Pier"
"C422","KRPHI0002","Karon Beach Transfer Hotel 12:00 - Koh Phi Phi 15:30","12:00","15:30",10,"3:30 hrs.","7.843899100000001, 98.29361859999995","https://img.adv-tour.com/photo/package/1500628768_2.jpg",450,350,750,650,6,"Phuket",4,"Krabi",33,"City",18,"Koh Phi Phi",50,"Karon Beach",30,"Ton Sai Pier"
"C423","CPNTOWN0001","Chumphon Town 05:30 - Koh Tao 09:45","05:30","09:45",12,"4:15 hrs.","10.4930647,99.18002530000001","https://img.adv-tour.com/photo/package/1502879043_2.jpg",400,200,500,250,3,"Chumphon",11,"Suratthani",9,"City",51,"Koh Tao",10,"Chumphon Town",99,"Mae Haad Pier"
"C424","CPNTOWN0002","Chumphon Town 05:30  - Koh Phangan 12:00","05:30","12:00",12,"6:30 hrs.","10.4930647,99.18002530000001","https://img.adv-tour.com/photo/package/1502880773_2.jpg",650,350,850,420,3,"Chumphon",11,"Suratthani",9,"City",49,"Koh Phangan",10,"Chumphon Town",68,"Thongsala Pier"
"C425","CPNTOWN0003","Chumphon Town 05:30 - Koh Samui 13:15","05:30","13:15",12,"7:45 hrs.","10.4930647,99.18002530000001","https://img.adv-tour.com/photo/package/1502881354_2.jpg",750,400,900,450,3,"Chumphon",11,"Suratthani",9,"City",49,"Koh Phangan",10,"Chumphon Town",68,"Thongsala Pier"
"C450","CWKBV","Cheweng Beach (Koh Samui) 06:30 - Krabi 12:30","06:30","12:30",18,"6:0 hrs.","9.5217655,100.0587964","",550,400,650,550,11,"Suratthani",4,"Krabi",50,"Koh Samui",14,"City",77,"Chaweng Beach",31,"Andaman wave krabi"
"C451","AOWUSM","Ao nang 11:00 - Koh Samui 17:20","11:00","17:20",18,"6:20 hrs.","8.0313147,98.82200039999998","",400,300,500,400,4,"Krabi",11,"Suratthani",14,"City",50,"Koh Samui",23,"Ao Nang",87,"Nathon Pier"
"C453","ANMUSM0001","Ao Nam Mao 06:00 - Koh Samui 11:20","06:00","11:20",18,"5:20 hrs.","8.028357999999999,98.86186799999996","",400,300,500,400,4,"Krabi",11,"Suratthani",14,"City",50,"Koh Samui",22,"Ao Nam Mao",87,"Nathon Pier"
"C468","AOUSM001","Ao nang 06:00 - Koh Samui 11:20","06:00","11:20",18,"5:20 hrs.","8.0313147,98.82200039999998","",400,300,500,400,4,"Krabi",11,"Suratthani",14,"City",50,"Koh Samui",23,"Ao Nang",87,"Nathon Pier"
"C470","USMTOW0001","Koh Samui 08:00 - Krabi Town (Meeting Point: Pak-Up) 12:45","08:00","12:45",6,"4:45 hrs.","9.5355552,99.93455449999999","",400,300,500,400,11,"Suratthani",4,"Krabi",50,"Koh Samui",14,"City",87,"Nathon Pier",35,"Krabi Town"
"C472","BKKKBV0005","Bangkok (Khaosan Road) 18:00 - Krabi Town 09:30","18:00","09:30",3,"15:30 hrs.","13.7586581,100.49756619999994","",900,750,1050,850,1,"Bangkok",4,"Krabi",3,"Khaosan road",14,"City",4,"Songserm Office",35,"Krabi Town"
"C473","BKKKBV0006","Bangkok (Hua Lamphong Railway Station) By Bus 19:00 - Krabi Town 09:30","19:00","09:30",3,"14:30 hrs.","13.739052, 100.516596","",800,650,950,750,1,"Bangkok",4,"Krabi",2,"Hua Lamphong",14,"City",3,"-",35,"Krabi Town"
"C476","PNGKBV0003","Koh Phangan 07:00  - Krabi Town 12:45","07:00","12:45",3,"5:45 hrs.","9.7109619,99.98247990000004","",500,400,600,500,11,"Suratthani",4,"Krabi",49,"Koh Phangan",14,"City",68,"Thongsala Pier",35,"Krabi Town"
"C477","PNGKBV0004","Koh Phangan 12:30 - Krabi Town 18:45","12:30","18:45",3,"6:15 hrs.","9.7109619,99.98247990000004","",500,400,600,500,11,"Suratthani",4,"Krabi",49,"Koh Phangan",14,"City",68,"Thongsala Pier",35,"Krabi Town"
"C478","TAOKBV0002","Koh Tao 10:00 - Krabi Town 18:45","10:00","18:45",6,"8:45 hrs.","10.082857774850531,99.82352718332822","",650,600,800,650,11,"Suratthani",4,"Krabi",51,"Koh Tao",14,"City",99,"Mae Haad Pier",35,"Krabi Town"
"C479","BPAO0001","Bo Phut Beach Hotel Transfer 06:30 - Ao Nang (mcdonald's ao nang) 13:00","06:30","13:00",18,"6:30 hrs.","9.561,100.02788599999997","",600,450,750,600,11,"Suratthani",4,"Krabi",50,"Koh Samui",14,"City",76,"Bo Phut Beach",23,"Ao Nang"
"C480","BPAO0002","Bo Phut Beach Hotel Transfer 12:00 - Ao Nang (mcdonald's ao nang) 19:00","12:00","19:00",18,"7:0 hrs.","9.561,100.02788599999997","",600,450,750,600,11,"Suratthani",4,"Krabi",50,"Koh Samui",14,"City",76,"Bo Phut Beach",23,"Ao Nang"
"C481","TAOCW0001","Koh Tao 10:00 - Chaweng Beach (Koh Samui) 14:30","10:00","14:30",6,"4:30 hrs.","10.082857774850531,99.82352718332822","",500,350,650,400,11,"Suratthani",11,"Suratthani",51,"Koh Tao",50,"Koh Samui",99,"Mae Haad Pier",77,"Chaweng Beach"
"C482","TAOCW0002","Koh Tao 10:00 - Chaweng Noi Beach (Koh Samui) 14:30","10:00","14:30",6,"4:30 hrs.","10.082857774850531,99.82352718332822","",500,350,650,400,11,"Suratthani",11,"Suratthani",51,"Koh Tao",50,"Koh Samui",99,"Mae Haad Pier",78,"Chaweng Noi Beach"
"C483","TAOCW0003","Koh Tao 10:00 - Choengmon Beach (Koh Samui) 14:30","10:00","14:30",6,"4:30 hrs.","10.082857774850531,99.82352718332822","",500,350,650,400,11,"Suratthani",11,"Suratthani",51,"Koh Tao",50,"Koh Samui",99,"Mae Haad Pier",79,"Choengmon Beach"
"C484","TAOCW0004","Koh Tao 10:00 - Bo Phut Beach (Koh Samui) 14:30","10:00","14:30",6,"4:30 hrs.","10.082857774850531,99.82352718332822","",500,350,650,400,11,"Suratthani",11,"Suratthani",51,"Koh Tao",50,"Koh Samui",99,"Mae Haad Pier",76,"Bo Phut Beach"
"C485","TAOCW0005","Koh Tao 10:00 - Meanam Beach (Koh Samui) 14:30","10:00","14:30",6,"4:30 hrs.","10.082857774850531,99.82352718332822","",500,350,650,400,11,"Suratthani",11,"Suratthani",51,"Koh Tao",50,"Koh Samui",99,"Mae Haad Pier",86,"Mae Nam Beach"
"C487","BKKSOK0003","Bangkok (Khaosan Road) 18:00 - Khao Sok (Any Hotel) 10:00","18:00","10:00",3,"16:0 hrs.","13.7586581,100.49756619999994","https://img.adv-tour.com/photo/package/119040.jpg",850,800,1050,950,1,"Bangkok",11,"Suratthani",3,"Khaosan road",47,"City",4,"Songserm Office",65,"Khao Sok"
"C488","BKKSOK0004","Bangkok (Hua Lamphong Railway Station) By Bus 19:00 - Khao Sok (Any Hotel) 10:00","19:00","10:00",3,"15:0 hrs.","13.739054, 100.516608","https://img.adv-tour.com/photo/package/889403.jpg",850,800,1050,950,1,"Bangkok",11,"Suratthani",2,"Hua Lamphong",47,"City",3,"-",65,"Khao Sok"
"C494","KBVUSM0004","Krabi Town 11:00 - Koh Samui 17:45","11:00","17:45",18,"6:45 hrs.","8.064267899999999,98.91543509999997","",400,300,500,400,4,"Krabi",11,"Suratthani",14,"City",50,"Koh Samui",35,"Krabi Town",87,"Nathon Pier"
"C496","KBVPNG0004","Krabi Town 11:00 - Koh Phangan 18:45","11:00","18:45",18,"7:45 hrs.","8.064267899999999,98.91543509999997","",600,500,700,600,4,"Krabi",11,"Suratthani",14,"City",49,"Koh Phangan",35,"Krabi Town",68,"Thongsala Pier"
"C497","USMKBV0003","Koh Samui 08:00 - Krabi  Town 12:45","08:00","12:45",6,"4:45 hrs.","9.5355552,99.93455449999999","",400,300,500,400,11,"Suratthani",4,"Krabi",50,"Koh Samui",14,"City",87,"Nathon Pier",35,"Krabi Town"
"C498","USMKBV0004","Koh Samui 13:30 - Krabi Town 18:45","13:30","18:45",6,"5:15 hrs.","9.5355552,99.93455449999999","",400,300,500,400,11,"Suratthani",4,"Krabi",50,"Koh Samui",14,"City",87,"Nathon Pier",35,"Krabi Town"
"C499","HKTANYPP001","Phuket any Hotel 07.00 - Koh Phi Phi 10.30","07:00","10:30",10,"3:30 hrs.","","",450,350,750,650,6,"Phuket",4,"Krabi",33,"City",18,"Koh Phi Phi",0,"",30,"Ton Sai Pier"
"C500","HKTANYPP002","Phuket Any Hotel 12.00 - Koh Phi Phi 15:30","12:00","15:30",10,"3:30 hrs.","","",450,350,750,650,6,"Phuket",4,"Krabi",33,"City",18,"Koh Phi Phi",0,"",30,"Ton Sai Pier"
"C501","PHIHKT001","Koh Phi Phi 09:00 - Phuket Airport (Start of Flight 14:30)","09:00","14:30",12,"5:30 hrs.","7.7379053,98.77061959999992","",600,500,950,850,4,"Krabi",6,"Phuket",18,"Koh Phi Phi",33,"City",30,"Ton Sai Pier",53,"Phuket Airport"
"C502","PHIHKT002","Koh Phi Phi 14:30 - Phuket Airport (Start of Flight 20:00)","14:30","20:00",12,"5:30 hrs.","7.7379053,98.77061959999992","",600,500,950,850,4,"Krabi",6,"Phuket",18,"Koh Phi Phi",33,"City",30,"Ton Sai Pier",53,"Phuket Airport"
"C504","LMAN0001","Lamai Beach (Koh Samui) 11:30 - Ao Nang Beach 19:00","11:30","19:00",16,"7:30 hrs.","","",600,450,750,600,11,"Suratthani",4,"Krabi",50,"Koh Samui",14,"City",84,"Lamai Beach",23,"Ao Nang"
"C505","KBVANYUSMANY001","Krabi Any Hotel 06:00 - Koh Samui Any Hotel 12:30","06:00","12:30",18,"6:30 hrs.","","",550,450,650,550,4,"Krabi",11,"Suratthani",14,"City",50,"Koh Samui",0,"",0,""
"C506","KBVANYUSMANY002","Krabi Any Hotel 11:00 - Koh Samui Any Hotel 19:00","11:00","19:00",18,"8:0 hrs.","","",550,450,650,550,4,"Krabi",11,"Suratthani",14,"City",47,"City",0,"",0,""
"C507","KBVANYPHI001","Krabi Any Hotel 08:00 - Koh Phi Phi 10:30","08:00","10:30",18,"2:30 hrs.","","",350,250,450,350,4,"Krabi",4,"Krabi",14,"City",18,"Koh Phi Phi",0,"",30,"Ton Sai Pier"
"C508","KBVANYPHI002","Krabi Any Hotel 12:00 - Koh Phi Phi 15:00","12:00","15:00",18,"3:0 hrs.","","",350,250,450,350,4,"Krabi",4,"Krabi",14,"City",18,"Koh Phi Phi",0,"",30,"Ton Sai Pier"
"C509","KBVANYPNG001","Krabi Any Hotel 06:00 - Koh Phangan 12:15","06:00","12:15",18,"6:15 hrs.","","",600,500,700,600,4,"Krabi",11,"Suratthani",14,"City",49,"Koh Phangan",0,"",68,"Thongsala Pier"
"C510","KBVANYPNG002","Krabi Any Hotel 11:00 - Koh Phangan 18:45","11:00","18:45",18,"7:45 hrs.","","",600,500,700,600,4,"Krabi",11,"Suratthani",14,"City",49,"Koh Phangan",0,"",68,"Thongsala Pier"
"C511","KBVANYUSM001","Krabi Any Hotel 06:00 - Koh Samui 11:20","06:00","11:20",18,"5:20 hrs.","","",400,300,500,400,4,"Krabi",11,"Suratthani",14,"City",50,"Koh Samui",0,"",87,"Nathon Pier"
"C512","KBVANYUSM002","Krabi Any Hotel 11:00 - Koh Samui 17:45","11:00","17:45",18,"6:45 hrs.","","",400,300,500,400,4,"Krabi",11,"Suratthani",14,"City",50,"Koh Samui",0,"",87,"Nathon Pier"
"C513","KBVANYTAO001","Krabi Any Hotel 06:00 - Koh Tao 14:30","06:00","14:30",18,"8:30 hrs.","","",650,550,800,650,4,"Krabi",11,"Suratthani",14,"City",51,"Koh Tao",0,"",99,"Mae Haad Pier"
"C515","URTUSMANY001","Suratthani Airport 08:20 - Koh Samui Any Hotel 12:30","08:20","12:30",6,"4:10 hrs.","","",600,500,650,600,11,"Suratthani",11,"Suratthani",47,"City",50,"Koh Samui",106,"Suratthani Airport",0,""
"C516","URTUSMANY002","Suratthani Airport 13:45 - Koh Samui Any Hotel 19:00","13:45","19:00",6,"5:15 hrs.","","",600,500,650,600,11,"Suratthani",11,"Suratthani",47,"City",50,"Koh Samui",106,"Suratthani Airport",0,""
"C517","USMANYAN001","Koh Samui Any Hotel 06:30 - Ao Nang Beach 13:00","06:30","13:00",18,"6:30 hrs.","9.5355552,99.93455449999999","",600,450,750,600,11,"Suratthani",4,"Krabi",50,"Koh Samui",14,"City",0,"",23,"Ao Nang"
"C518","USMANYAN002","Koh Samui Any Hotel 11:30 - Ao Nang Beach 19:00","11:30","19:00",18,"7:30 hrs.","9.5355552,99.93455449999999","",600,450,750,600,11,"Suratthani",4,"Krabi",50,"Koh Samui",14,"City",0,"",23,"Ao Nang"
"C519","USMANYPNG001","Koh Samui Any Hotel 09:30 - Koh Phangan 12:15","09:30","12:15",18,"2:45 hrs.","9.5355552,99.93455449999999","",300,180,350,250,11,"Suratthani",11,"Suratthani",50,"Koh Samui",49,"Koh Phangan",0,"",68,"Thongsala Pier"
"C520","USMANYTAO001","Koh Samui Any Hotel 09:30 - Koh Tao 14:30","09:30","14:30",24,"5:0 hrs.","9.5355552,99.93455449999999","",550,300,650,400,11,"Suratthani",11,"Suratthani",50,"Koh Samui",51,"Koh Tao",0,"",99,"Mae Haad Pier"
"C521","USMANYURT001","Koh Samui Any Hotel 06:30 - Suratthani airport 12:00","06:30","12:00",18,"5:30 hrs.","9.5355552,99.93455449999999","",550,400,650,550,11,"Suratthani",11,"Suratthani",50,"Koh Samui",47,"City",0,"",106,"Suratthani Airport"
"C522","USMANYURT002","Koh Samui Any Hotel 11:30 - Suratthani airport 18:00","11:30","18:00",18,"6:30 hrs.","9.5355552,99.93455449999999","",550,400,650,550,11,"Suratthani",11,"Suratthani",50,"Koh Samui",47,"City",0,"",106,"Suratthani Airport"
"C523","USMANYTRAIN001","Koh Samui Any Hotel 06:30 - Suratthani Train 11:30","06:30","11:30",18,"5:0 hrs.","9.5355552,99.93455449999999","",400,300,500,400,11,"Suratthani",11,"Suratthani",50,"Koh Samui",47,"City",0,"",109,"Suratthani Train"
"C524","USMANYTRAIN002","Koh Samui Any Hotel 11:30 - Suratthani Train 17:30","11:30","17:30",18,"6:0 hrs.","9.5355552,99.93455449999999","",400,300,500,400,11,"Suratthani",11,"Suratthani",50,"Koh Samui",47,"City",0,"",109,"Suratthani Train"
"C530","USMANYTOWN001","Koh Samui Any Hotel 06:30 - Suratthani Town 11:00","06:30","11:00",18,"4:30 hrs.","9.5355552,99.93455449999999","",400,300,500,400,11,"Suratthani",11,"Suratthani",50,"Koh Samui",47,"City",0,"",105,"Suratthani town"
"C531","USMANYTOWN002","Koh Samui Any Hotel 11:30 - Suratthani Town 17:30","11:30","17:30",18,"6:0 hrs.","9.5355552,99.93455449999999","",400,300,500,400,11,"Suratthani",11,"Suratthani",50,"Koh Samui",47,"City",0,"",105,"Suratthani town"
"C532","USMANYKBVTOWN001","Koh Samui Any Hotel 06:30 - Krabi Town 12:50","06:30","12:50",18,"6:20 hrs.","9.5355552,99.93455449999999","",550,400,650,550,11,"Suratthani",4,"Krabi",50,"Koh Samui",14,"City",0,"",35,"Krabi Town"
"C533","USMANYKBVTOWN002","Koh Samui Any Hotel 11:30 - Krabi Town 18:45","11:30","18:45",18,"7:15 hrs.","9.5355552,99.93455449999999","",550,400,650,550,11,"Suratthani",4,"Krabi",50,"Koh Samui",14,"City",0,"",35,"Krabi Town"
"C534","USMANYNT001","Koh Samui Any Hotel 06:30 - Nopparat Thara 13:00","06:30","13:00",18,"6:30 hrs.","9.5355552,99.93455449999999","",600,450,750,600,11,"Suratthani",4,"Krabi",50,"Koh Samui",14,"City",0,"",36,"Nopparat Thara"
"C535","USMANYNT002","Koh Samui Any Hotel 11:30 - Nopparat Thara 19:00","11:30","19:00",18,"7:30 hrs.","9.5355552,99.93455449999999","",600,450,750,600,11,"Suratthani",4,"Krabi",50,"Koh Samui",14,"City",0,"",36,"Nopparat Thara"
"C536","TAOUSMANY001","Koh Tao 10:00 - Samui Any Hotel 14:30","10:00","14:30",6,"4:30 hrs.","","",500,350,650,400,11,"Suratthani",11,"Suratthani",51,"Koh Tao",50,"Koh Samui",99,"Mae Haad Pier",0,""
"C537","USMANYNM001","Koh Samui Any Hotel 06:30 - Ao Nam Mao (Pier) 13:00","06:30","13:00",18,"6:30 hrs.","9.5355552,99.93455449999999","",600,450,750,600,11,"Suratthani",4,"Krabi",50,"Koh Samui",14,"City",0,"",131,"Ao Nam Mao(Pier)"
"C538","USMANYNM002","Koh Samui Any Hotel 11:30 - Ao Nam Mao (Pier) 19:00","11:30","19:00",18,"7:30 hrs.","9.5355552,99.93455449999999","",600,450,750,600,11,"Suratthani",4,"Krabi",50,"Koh Samui",14,"City",0,"",131,"Ao Nam Mao(Pier)"
"C539","USMCPNTRAIN001","Koh Samui 11:30 - Chumphon Train 18:30","11:30","17:30",6,"6:0 hrs.","9.5355552,99.93455449999999","",750,400,900,450,11,"Suratthani",3,"Chumphon",50,"Koh Samui",9,"City",87,"Nathon Pier",15,"Chumporn Train"
"C540","KBVPNG0005","Krabi Town 06:30 - Koh Phangan 12:15","06:30","12:15",18,"5:45 hrs.","8.064267899999999,98.91543509999997","",600,500,700,600,4,"Krabi",11,"Suratthani",14,"City",49,"Koh Phangan",35,"Krabi Town",68,"Thongsala Pier"
"C541","KBVTAO0003","Krabi Town 06:30 - Koh Tao 14:30","06:30","14:30",18,"8:0 hrs.","8.064267899999999,98.91543509999997","",650,550,800,650,4,"Krabi",11,"Suratthani",14,"City",51,"Koh Tao",35,"Krabi Town",99,"Mae Haad Pier"
"C542","KBVUSM0005","Krabi Town 06:30 - Koh Samui 11:20","06:30","10:20",18,"3:50 hrs.","8.064267899999999,98.91543509999997","",400,300,500,400,4,"Krabi",11,"Suratthani",14,"City",50,"Koh Samui",35,"Krabi Town",87,"Nathon Pier"
"C543","PNGHAD0002","Koh Phangan 07:00 - Hadyai 16:30","07:00","16:30",3,"9:30 hrs.","9.7109619,99.98247990000004","https://img.adv-tour.com/photo/package/339687.jpg",600,450,700,550,11,"Suratthani",10,"Songkhla",49,"Koh Phangan",45,"Hadyai",68,"Thongsala Pier",61,"-"
"C546","PHITF001","Koh Phi Phi 09:00 - Patong Beach 12:00","09:00","12:00",10,"3:0 hrs.","","",450,350,750,650,4,"Krabi",6,"Phuket",18,"Koh Phi Phi",33,"City",30,"Ton Sai Pier",52,"Patong Beach"
"C547","PHITF002","Koh Phi Phi 09:00 - Kata Beach 12:00","09:00","12:00",10,"3:0 hrs.","","",450,350,750,650,4,"Krabi",6,"Phuket",18,"Koh Phi Phi",33,"City",30,"Ton Sai Pier",51,"Kata Beach"
"C548","PHITF003","Koh Phi Phi 09:00 - Karon Beach 12:00","09:00","12:00",10,"3:0 hrs.","","",450,350,750,650,4,"Krabi",6,"Phuket",18,"Koh Phi Phi",33,"City",30,"Ton Sai Pier",50,"Karon Beach"
"C549","PHITF005","Koh Phi Phi 14:30 - Patong Beach 17:30","14:30","17:30",10,"3:0 hrs.","","",450,350,750,650,4,"Krabi",6,"Phuket",18,"Koh Phi Phi",33,"City",30,"Ton Sai Pier",52,"Patong Beach"
"C550","PHITF006","Koh Phi Phi 14:30 - Kata Beach 17:30","14:30","17:30",10,"3:0 hrs.","","",450,350,750,650,4,"Krabi",6,"Phuket",18,"Koh Phi Phi",33,"City",30,"Ton Sai Pier",51,"Kata Beach"
"C551","PHITF007","Koh Phi Phi 14:30 - Karon Beach 17:30","14:30","17:30",10,"3:0 hrs.","","",450,350,750,650,4,"Krabi",6,"Phuket",18,"Koh Phi Phi",33,"City",30,"Ton Sai Pier",50,"Karon Beach"
"C552","PHITF004","Koh Phi Phi 09:00 - Phuket Town 11:30","09:00","11:30",10,"2:30 hrs.","","",450,350,750,650,4,"Krabi",6,"Phuket",18,"Koh Phi Phi",33,"City",30,"Ton Sai Pier",56,"Phuket Town"
"C553","PHITF008","Koh Phi Phi 14:30 - Phuket Town 17:00","14:30","17:00",10,"2:30 hrs.","","",450,350,750,650,4,"Krabi",6,"Phuket",18,"Koh Phi Phi",33,"City",30,"Ton Sai Pier",56,"Phuket Town"
"C556","DONANY001","Donsak Pier 10.00  - Koh Samui(Any Hotel) 12.30","10:00","12:30",18,"2:30 hrs.","","",250,230,350,250,11,"Suratthani",11,"Suratthani",46,"Pier",50,"Koh Samui",62,"Donsak Pier",0,""
"C557","ANMPNG0002","Ao Nam Mao 10:30 - Koh Phangan 18:45","10:30","18:45",18,"8:15 hrs.","8.028357999999999,98.86186799999996","",600,500,700,600,4,"Krabi",11,"Suratthani",14,"City",49,"Koh Phangan",22,"Ao Nam Mao",68,"Thongsala Pier"
"C558","ANMUSM0003","Ao Nam Mao 10:30 - Koh Samui 17:45","10:30","17:45",18,"7:15 hrs.","8.028357999999999,98.86186799999996","",400,300,500,400,4,"Krabi",11,"Suratthani",14,"City",50,"Koh Samui",22,"Ao Nam Mao",87,"Nathon Pier"
"C559","ANMUSMANY001","Ao Nam Mao 10:30 - Koh Samui(Any Hotel) 19:00","10:30","19:00",18,"8:30 hrs.","8.028357999999999,98.86186799999996","",550,450,650,550,4,"Krabi",11,"Suratthani",14,"City",50,"Koh Samui",22,"Ao Nam Mao",0,""
"C560","USMANYSAK002","Koh Samui Any Hotel 11.30 - Donsak Pier 15.30","11:30","15:30",18,"4:0 hrs.","","",250,200,350,250,11,"Suratthani",11,"Suratthani",50,"Koh Samui",46,"Pier",0,"",62,"Donsak Pier"
"C561","USMANYSAK001","Koh Samui Any Hotel 06.30 - Donsak Pier 09.30","06:30","09:30",18,"3:0 hrs.","","",250,200,350,250,11,"Suratthani",11,"Suratthani",50,"Koh Samui",46,"Pier",0,"",62,"Donsak Pier"
"C565","ANBKK1","Ao Nang 16.00 - Bangkok(Southern Bus Terminal) 06.00","16:00","06:00",18,"14:0 hrs.","8.0313147,98.82200039999998","",700,700,900,900,4,"Krabi",1,"Bangkok",14,"City",1,"Bus Terminal (South)",23,"Ao Nang",2,"Southern Bus Terminal"
"C566","ANBKK2","Ao Nang 16.00 - Bangkok(Mo Chit Bus Terminal) 06.30","16:00","06:30",18,"14:30 hrs.","8.0313147,98.82200039999998","",700,700,900,900,4,"Krabi",1,"Bangkok",14,"City",72,"Mo Chit Bus Terminal",23,"Ao Nang",128,"Mo Chit Bus Terminal"
"C567","KBVBKK1","Krabi Any Hotel 16.00 - Bangkok(Mo Chit Bus Terminal) 06.30","16:00","06:30",18,"14:30 hrs.","8.080930599999999, 98.89891539999996","",700,700,900,800,4,"Krabi",1,"Bangkok",14,"City",72,"Mo Chit Bus Terminal",0,"",128,"Mo Chit Bus Terminal"
"C568","KBVBKK2","Krabi Any Hotel 16.00 - Bangkok(Southern Bus Terminal) 06.00","16:00","06:00",18,"14:0 hrs.","8.080930599999999, 98.89891539999996","",700,700,900,800,4,"Krabi",1,"Bangkok",14,"City",1,"Bus Terminal (South)",0,"",2,"Southern Bus Terminal"
"C569","PPBKK1","Koh Phi Phi 15.30 - Bangkok(Mo Chit Bus Terminal) 06.30","15:30","06:30",18,"15:0 hrs.","7.7379053,98.77061959999992","",900,900,1100,1000,4,"Krabi",1,"Bangkok",18,"Koh Phi Phi",72,"Mo Chit Bus Terminal",30,"Ton Sai Pier",128,"Mo Chit Bus Terminal"
"C570","PPBKK2","Koh Phi Phi 15.30 - Bangkok(Southern Bus Terminal) 06.00","15:30","06:00",18,"14:30 hrs.","7.7379053,98.77061959999992","",900,900,1100,1000,4,"Krabi",1,"Bangkok",18,"Koh Phi Phi",1,"Bus Terminal (South)",30,"Ton Sai Pier",2,"Southern Bus Terminal"
"C571","TAOTOUR1","Bangkok (Southern Bus Terminal Suwannatee Tour) 21.00 - Koh Tao 09.45","21:00","09:45",6,"12:45 hrs.","13.7809581,100.4227713","",800,800,950,950,1,"Bangkok",11,"Suratthani",1,"Bus Terminal (South)",51,"Koh Tao",129,"Suwannatee Tour",99,"Mae Haad Pier"
"C572","PNGTOUR1","Bangkok (Southern Bus Terminal Suwannatee Tour) 21.00 - Koh Phangan 12.00","21:00","12:00",6,"15:0 hrs.","13.7809581,100.4227713","",950,950,1100,1100,1,"Bangkok",11,"Suratthani",1,"Bus Terminal (South)",49,"Koh Phangan",129,"Suwannatee Tour",68,"Thongsala Pier"
"C573","USMBKK2","Koh Samui 13.30 - Bangkok 05.00","13:30","05:00",12,"15:30 hrs.","","",600,500,750,600,11,"Suratthani",1,"Bangkok",50,"Koh Samui",3,"Khaosan road",87,"Nathon Pier",121,"Bus Stop (Rajadamnoen Rd.)"
"C574","PNGBKK2","Koh Phangan 12.30 - Bangkok 05.00","12:30","05:00",12,"16:30 hrs.","9.7109619,99.98247990000004","",750,650,900,750,11,"Suratthani",1,"Bangkok",49,"Koh Phangan",3,"Khaosan road",68,"Thongsala Pier",121,"Bus Stop (Rajadamnoen Rd.)"
"C577","USMBKK3","Koh Samui Any Hotel 11:30 - Bangkok 05:00","11:30","05:00",18,"17:30 hrs.","","",700,600,900,700,11,"Suratthani",1,"Bangkok",50,"Koh Samui",3,"Khaosan road",0,"",121,"Bus Stop (Rajadamnoen Rd.)"
"C583","USMPNGBEACH1","Koh Samui 11.30 - Koh Phangan Any Hotel 13.30","11:30","13:30",18,"2:0 hrs.","","",400,400,500,500,11,"Suratthani",11,"Suratthani",50,"Koh Samui",49,"Koh Phangan",87,"Nathon Pier",135,"Any Hotel"
"C584","USMPNGBECH2","Koh Samui Any Hotel 09.30 - Koh Phangan Any Hotel 13.30","09:30","13:30",18,"4:0 hrs.","","",550,550,650,650,11,"Suratthani",11,"Suratthani",50,"Koh Samui",49,"Koh Phangan",0,"",0,""
"C586","USMLANTA0002","Koh Samui Any Hotel 06:30 - Koh Lanta 15:30","06:30","15:30",18,"9:0 hrs.","","",700,600,900,700,11,"Suratthani",4,"Krabi",50,"Koh Samui",17,"Koh Lanta",0,"",120,"Sala Dan Pier"
"C587","USMSOK0003","Koh Samui Any Hotel 06:30 - Khao Sok 14:30","06:30","14:30",18,"8:0 hrs.","","",550,450,700,550,11,"Suratthani",11,"Suratthani",50,"Koh Samui",47,"City",0,"",65,"Khao Sok"
"C588","USMSOK0004","Koh Samui Any Hotel 11:30 - Khao Sok 19:30","11:30","19:30",18,"8:0 hrs.","","",550,450,700,550,11,"Suratthani",11,"Suratthani",50,"Koh Samui",47,"City",0,"",65,"Khao Sok"
"C589","USMLAY0002","Koh Samui Any Hotel 06:30 - Railay Beach 13:30","06:30","13:30",18,"7:0 hrs.","","",700,600,900,700,11,"Suratthani",4,"Krabi",50,"Koh Samui",14,"City",0,"",37,"Railay"
"C590","USMPHI0002","Koh Samui Any Hotel 06:30 - Koh Phi Phi 15:00","06:30","15:00",18,"8:30 hrs.","","",700,600,900,700,11,"Suratthani",4,"Krabi",50,"Koh Samui",18,"Koh Phi Phi",0,"",30,"Ton Sai Pier"
"C591","URTAPTTAO0002","Suratthani Airport 07:30 - Koh Tao 14:30","07:30","14:30",6,"7:0 hrs.","9.1342968,99.14288199999999","",750,750,800,800,11,"Suratthani",11,"Suratthani",47,"City",51,"Koh Tao",106,"Suratthani Airport",99,"Mae Haad Pier"
"C592","TAOURT002","Koh Tao 10:00 - Suratthani Any Hotel 17:30","10:00","17:30",12,"7:30 hrs.","10.082857774850531,99.82352718332822","",600,500,750,600,11,"Suratthani",11,"Suratthani",51,"Koh Tao",47,"City",99,"Mae Haad Pier",105,"Suratthani town"
"C593","PNGURT0001","Koh Phangan 07:00 - Suratthani Any Hotel 11:00","07:00","11:00",6,"4:0 hrs.","9.7109619,99.98247990000004","",400,300,500,400,11,"Suratthani",11,"Suratthani",49,"Koh Phangan",47,"City",68,"Thongsala Pier",105,"Suratthani town"
"C594","PNGURT0002","Koh Phangan 12:30 - Suratthani Any Hotel 17:30","12:30","17:30",6,"5:0 hrs.","9.7109619,99.98247990000004","",400,300,500,400,11,"Suratthani",11,"Suratthani",49,"Koh Phangan",47,"City",68,"Thongsala Pier",105,"Suratthani town"
"C595","PNGSOK0003","Koh Phangan 07:00 - Khao Sok Any Hotel 14:30","07:00","14:30",6,"7:30 hrs.","9.7109619,99.98247990000004","",600,500,700,600,11,"Suratthani",11,"Suratthani",49,"Koh Phangan",47,"City",68,"Thongsala Pier",65,"Khao Sok"
"C596","PNGSOK0004","Koh Phangan 12:30 - Khao Sok Any Hotel 19:30","12:30","19:30",6,"7:0 hrs.","9.7109619,99.98247990000004","",600,500,700,600,11,"Suratthani",11,"Suratthani",49,"Koh Phangan",47,"City",68,"Thongsala Pier",65,"Khao Sok"
"C597","USMURT0007","Koh Samui 08:00 - Suratthani Any Hotel 11:30","08:00","11:30",6,"3:30 hrs.","9.5355552,99.93455449999999","",300,250,400,300,11,"Suratthani",11,"Suratthani",50,"Koh Samui",47,"City",87,"Nathon Pier",105,"Suratthani town"
"C598","USMURT0008","Koh Samui 13:30 - Suratthani Any Hotel 17:30","13:30","17:30",6,"4:0 hrs.","9.5355552,99.93455449999999","",300,250,400,300,11,"Suratthani",11,"Suratthani",50,"Koh Samui",47,"City",87,"Nathon Pier",105,"Suratthani town"
"C599","USMSOK0005","Koh Samui 08:00 - Khao Sok Any Hotel 14:30","08:00","12:30",6,"4:30 hrs.","https://goo.gl/maps/4hBbEZ14M4N2","",550,450,650,550,11,"Suratthani",11,"Suratthani",50,"Koh Samui",47,"City",87,"Nathon Pier",65,"Khao Sok"
"C600","USMSOK0006","Koh Samui 13:30 - Khao Sok Any Hotel 19:30","13:30","19:30",6,"6:0 hrs.","https://goo.gl/maps/4hBbEZ14M4N2","",550,450,650,550,11,"Suratthani",11,"Suratthani",50,"Koh Samui",47,"City",87,"Nathon Pier",65,"Khao Sok"
"C601","USMCPN0002","Koh Samui Any Hotel 09:30 - Chumphon Pier 18:00","09:30","18:00",18,"8:30 hrs.","9.5355552,99.93455449999999","",850,500,1050,600,11,"Suratthani",3,"Chumphon",50,"Koh Samui",71,"Pier",0,"",9,"Matthaphon"
"C602","USMCPN0003","Koh Samui Any Hotel 09:30 - Chumphon Train 18:30","09:30","18:30",18,"9:0 hrs.","9.5355552,99.93455449999999","",850,500,1050,600,11,"Suratthani",3,"Chumphon",50,"Koh Samui",9,"City",0,"",15,"Chumporn Train"
"C603","USMSOK0007","Koh Samui Any Hotel 06:30 - Khao Sok Any Hotel 14:30","06:30","14:30",18,"8:0 hrs.","9.5355552,99.93455449999999","",650,550,800,650,11,"Suratthani",11,"Suratthani",50,"Koh Samui",47,"City",0,"",65,"Khao Sok"
"C604","USMSOK0008","Koh Samui Any Hotel 11:30 - Khao Sok Any Hotel 19:30","11:30","19:30",18,"8:0 hrs.","9.5355552,99.93455449999999","",650,550,800,650,11,"Suratthani",11,"Suratthani",50,"Koh Samui",47,"City",0,"",65,"Khao Sok"
"C605","USMHKT0003","Koh Samui Any Hotel 06:30 - Phuket 17:00","06:30","17:00",18,"10:30 hrs.","9.5355552,99.93455449999999","",550,450,750,550,11,"Suratthani",6,"Phuket",50,"Koh Samui",40,"Pier",0,"",58,"Rassada"
"C606","USMHKT0004","Koh Samui Any Hotel 11:30 - Phuket 22:30","11:30","22:30",18,"11:0 hrs.","9.5355552,99.93455449999999","",550,450,750,550,11,"Suratthani",6,"Phuket",50,"Koh Samui",40,"Pier",0,"",58,"Rassada"
"C607","SOKUSM0002","Khao Sok Any Hotel 10:30 - Koh Samui Any Hotel 19:00","10:30","19:00",12,"8:30 hrs.","8.9008760590022, 98.52103471756","",750,650,900,750,11,"Suratthani",11,"Suratthani",47,"City",50,"Koh Samui",65,"Khao Sok",0,""