"productNo","kohRouteId","ref","productName","time","arrivalTime","hourReserve","duration","map","photo","priceAdult","priceChild","sellingPriceAdult","sellingPriceChild","provinceId","province","provinceToId","provinceTo","areaId","area","areaToId","areaTo","destinationId","destination","destinationToId","destinationTo"
"B3",,"CPN0001","Chumphon Pier 07:00 - Koh Tao 09:45","07:00","09:45",3,"2:45 hrs.","10.445133,99.24880600000006","https://img.adv-tour.com/photo/boat/693374.jpg",400,300,500,400,3,"Chumphon",11,"Suratthani",71,"Pier",51,"Koh Tao",9,"Matthaphon",99,"Mae Haad Pier"
"B4",,"DON0001","Donsak Pier(Laem Thuat) 10:00 - Koh Samui 11.20","10:00","11:20",3,"1:20 hrs.","9.337484900000002,99.68132500000002","https://img.adv-tour.com/photo/boat/802173.jpg",150,100,200,100,11,"Suratthani",11,"Suratthani",46,"Pier",50,"Koh Samui",62,"Donsak Pier",87,"Nathon Pier"
"B5",,"DON0002","Donsak Pier(Laem Thuat) 16:30 - Koh Samui 17:45","16:30","17:45",3,"1:15 hrs.","9.337484900000002,99.68132500000002","https://img.adv-tour.com/photo/boat/158131.jpg",150,100,200,150,11,"Suratthani",11,"Suratthani",46,"Pier",50,"Koh Samui",62,"Donsak Pier",87,"Nathon Pier"
"B6",,"KBV0001","Krabi 09:00 - Koh Phi Phi 10:30","09:00","10:30",3,"1:30 hrs.","8.045908299999999, 98.90586729999995","https://img.adv-tour.com/photo/boat/300311.jpg",350,250,450,350,4,"Krabi",4,"Krabi",21,"Pier",18,"Koh Phi Phi",21,"Klong Jilad",30,"Ton Sai Pier"
"B7",,"KBV0002","Krabi 13:30 - Koh Phi Phi 15:00","13:30","15:00",2,"1:30 hrs.","8.045908299999999, 98.90586729999995","https://img.adv-tour.com/photo/boat/760879.jpg",350,250,450,350,4,"Krabi",4,"Krabi",21,"Pier",18,"Koh Phi Phi",21,"Klong Jilad",30,"Ton Sai Pier"
"B8",,"PHIPHI0001","Koh Phi Phi 09:00 - Phuket 11:00","09:00","11:00",3,"2:0 hrs.","7.7379053,98.77061959999992","https://img.adv-tour.com/photo/boat/1496481342_2.jpg",450,350,750,650,4,"Krabi",6,"Phuket",18,"Koh Phi Phi",40,"Pier",30,"Ton Sai Pier",58,"Rassada"
"B9",,"PHIPHI0002","Koh Phi Phi 14:30 - Phuket 16:30","14:30","16:30",3,"2:0 hrs.","7.7379053,98.77061959999992","https://img.adv-tour.com/photo/boat/1496481407_2.jpg",450,350,750,650,4,"Krabi",6,"Phuket",18,"Koh Phi Phi",40,"Pier",30,"Ton Sai Pier",58,"Rassada"
"B10",,"PHIPHI0003","Koh Phi Phi 10:30 - Krabi 12:00","10:30","12:00",3,"1:30 hrs.","7.7379053,98.77061959999992","https://img.adv-tour.com/photo/boat/416138.jpg",350,250,450,350,4,"Krabi",4,"Krabi",18,"Koh Phi Phi",21,"Pier",30,"Ton Sai Pier",21,"Klong Jilad"
"B11",,"PHIPHI0004","Koh Phi Phi 15:30 - Krabi 17:00","15:30","17:00",3,"1:30 hrs.","7.7379053,98.77061959999992","https://img.adv-tour.com/photo/boat/837970.jpg",350,250,450,350,4,"Krabi",4,"Krabi",18,"Koh Phi Phi",21,"Pier",30,"Ton Sai Pier",21,"Klong Jilad"
"B13",,"PNG0002","Koh Phangan 12:45 - Koh Tao 14:30","12:45","14:30",6,"1:45 hrs.","9.7109619,99.98247990000004","https://img.adv-tour.com/photo/boat/197822.jpg",250,200,350,250,11,"Suratthani",11,"Suratthani",49,"Koh Phangan",51,"Koh Tao",68,"Thongsala Pier",99,"Mae Haad Pier"
"B14",,"PNG0003","Koh Phangan 07:00 - Koh Samui 07:45","07:00","07:45",1,"0:45 hrs.","9.7109619,99.98247990000004","https://img.adv-tour.com/photo/boat/263456.jpg",150,100,200,150,11,"Suratthani",11,"Suratthani",49,"Koh Phangan",50,"Koh Samui",68,"Thongsala Pier",87,"Nathon Pier"
"B15",,"PNG0004","Koh Phangan 12:30 - Koh Samui 13:15","12:30","13:15",3,"0:45 hrs.","9.7109619,99.98247990000004","https://img.adv-tour.com/photo/boat/927739.jpg",150,100,200,150,11,"Suratthani",11,"Suratthani",49,"Koh Phangan",50,"Koh Samui",68,"Thongsala Pier",87,"Nathon Pier"
"B17",,"TAO0001","Koh Tao 15:00 - Chumphon Pier 18:00","15:00","18:00",3,"3:0 hrs.","10.082857774850531,99.82352718332822","https://img.adv-tour.com/photo/boat/926317.jpg",400,300,500,400,11,"Suratthani",3,"Chumphon",51,"Koh Tao",71,"Pier",99,"Mae Haad Pier",9,"Matthaphon"
"B20",,"TAO0004","Koh Tao 10:00 - Koh Phangan 12:00","10:00","12:00",3,"2:0 hrs.","10.082857774850531,99.82352718332822","https://img.adv-tour.com/photo/boat/649022.jpg",250,200,350,250,11,"Suratthani",11,"Suratthani",51,"Koh Tao",49,"Koh Phangan",99,"Mae Haad Pier",68,"Thongsala Pier"
"B22",,"USM0001","Koh Samui 08:00 - Donsak Pier(Laem Thuat)  09:30","08:00","09:30",3,"1:30 hrs.","9.5355552,99.93455449999999","https://img.adv-tour.com/photo/boat/911589.jpg",150,100,200,150,11,"Suratthani",11,"Suratthani",50,"Koh Samui",46,"Pier",87,"Nathon Pier",62,"Donsak Pier"
"B23",,"USM0002","Koh Samui 13:30 - Donsak Pier(Laem Thuat)  15:30","13:30","15:30",3,"2:0 hrs.","9.5355552,99.93455449999999","https://img.adv-tour.com/photo/boat/614949.jpg",150,100,200,150,11,"Suratthani",11,"Suratthani",50,"Koh Samui",46,"Pier",87,"Nathon Pier",62,"Donsak Pier"
"B25",,"USM0004","Koh Samui 11:30 - Koh Phangan 12:15","11:30","12:15",3,"0:45 hrs.","9.5355552,99.93455449999999","https://img.adv-tour.com/photo/boat/320098.jpg",150,100,200,150,11,"Suratthani",11,"Suratthani",50,"Koh Samui",49,"Koh Phangan",87,"Nathon Pier",68,"Thongsala Pier"
"B26",,"USM0005","Koh Samui 18:00 - Koh Phangan 18:45","18:00","18:45",3,"0:45 hrs.","9.5355552,99.93455449999999","https://img.adv-tour.com/photo/boat/935419.jpg",150,100,200,150,11,"Suratthani",11,"Suratthani",50,"Koh Samui",49,"Koh Phangan",87,"Nathon Pier",68,"Thongsala Pier"
"B27",,"HKTPP0830","Phuket 08:30 - Koh Phi Phi 10:30","08:30","10:30",3,"2:0 hrs.","7.872211900000003,98.4143153","https://img.adv-tour.com/photo/boat/1497353476_2.jpg",450,350,750,650,6,"Phuket",4,"Krabi",40,"Pier",18,"Koh Phi Phi",58,"Rassada",30,"Ton Sai Pier"
"B28",,"HKTPP1330","Phuket 13:30 - Koh Phi Phi 15:30","13:30","15:30",3,"2:0 hrs.","7.872211900000003,98.4143153","https://img.adv-tour.com/photo/boat/1497354525_2.jpg",450,350,750,650,6,"Phuket",4,"Krabi",40,"Pier",18,"Koh Phi Phi",58,"Rassada",30,"Ton Sai Pier"
"B37",,"DONPNG01","Donsak Pier(Laem Thuat) 10:00 - Koh Phangan 12:15","10:00","12:15",3,"2:15 hrs.","9.337484900000002,99.68132500000002","",250,200,300,250,11,"Suratthani",11,"Suratthani",46,"Pier",49,"Koh Phangan",62,"Donsak Pier",68,"Thongsala Pier"
"B38",,"DONPNG02","Donsak Pier(Laem Thuat) 16:30 - Koh Phangan 18:45","16:30","18:45",3,"2:15 hrs.","9.337484900000002,99.68132500000002","",250,200,300,250,11,"Suratthani",11,"Suratthani",46,"Pier",49,"Koh Phangan",62,"Donsak Pier",68,"Thongsala Pier"
"B39",,"DONTAO01","Donsak Pier(Laem Thuat) 10:00 - Koh Tao 14:30","10:00","14:30",3,"4:30 hrs.","9.337484900000002,99.68132500000002","",500,350,600,450,11,"Suratthani",11,"Suratthani",46,"Pier",51,"Koh Tao",62,"Donsak Pier",99,"Mae Haad Pier"
"B40",,"CPN0002","Chumphon Pier 07:00 - Koh Phangan 12:00","07:00","12:00",3,"5:0 hrs.","10.445133,99.24880600000006","",650,500,800,600,3,"Chumphon",11,"Suratthani",71,"Pier",49,"Koh Phangan",9,"Matthaphon",68,"Thongsala Pier"
"B41",,"CPN0003","Chumphon Pier 07:00 - Koh Samui 13:15","07:00","13:15",3,"6:15 hrs.","10.445133,99.24880600000006","",750,600,900,700,3,"Chumphon",11,"Suratthani",71,"Pier",50,"Koh Samui",9,"Matthaphon",87,"Nathon Pier"
"B42",,"USM0006","Koh Samui 11:30 - Chumphon Pier 18:00","11:30","18:00",3,"6:30 hrs.","9.5355552,99.93455449999999","",800,600,900,700,11,"Suratthani",3,"Chumphon",50,"Koh Samui",71,"Pier",87,"Nathon Pier",9,"Matthaphon"
"B43",,"PNG0006","Koh Phangan 12:45 - Chumphon Pier 18:00","12:45","18:00",2,"5:15 hrs.","9.7109619,99.98247990000004","",650,500,800,600,11,"Suratthani",3,"Chumphon",49,"Koh Phangan",71,"Pier",68,"Thongsala Pier",9,"Matthaphon"